Total, Raycast, Update_cache, Inflation, PointCloudNumber, CacheNumber, InflationNumber
0.00405933, 0.00101602, 0.00304094, 0.000620774, 618, 17323, 13332
0.00387892, 0.000847475, 0.00302907, 0.000370326, 613, 17487, 973500.00406289, 0.000987534, 0.0030718, 0.000378636, 576, 16911, 864600.00387061, 0.000951925, 0.00291394, 0.000348959, 604, 17452, 831600.00527951, 0.00100296, 0.00427298, 0.000327587, 599, 16668, 6930
0.00578633, 0.00201305, 0.00376853, 0.000486651, 585, 17425, 7029
0.00592519, 0.0022172, 0.00370325, 0.000420176, 644, 18239, 6468
0.00460294, 0.00114183, 0.00345755, 0.000334713, 602, 16856, 6699
0.00393707, 0.000878334, 0.0030528, 0.000255189, 607, 16979, 5346
0.00393826, 0.00104569, 0.00289019, 0.000265873, 617, 17085, 4884
0.00322016, 0.000782192, 0.00243441, 0.000213647, 590, 17112, 4290
0.00362728, 0.000872399, 0.00275013, 0.000231452, 602, 17406, 4455
0.00488069, 0.00151334, 0.00336259, 0.00036083, 606, 16789, 4851
0.00296735, 0.000772697, 0.00219109, 0.000162609, 570, 16316, 3432
0.00370443, 0.000955485, 0.00274539, 0.000249261, 642, 17295, 4686
0.00341957, 0.000880708, 0.0025353, 0.000271809, 613, 17197, 5214
0.00379464, 0.00111572, 0.00267536, 0.000240952, 613, 17572, 4158
0.00360829, 0.00123086, 0.00237388, 0.000202966, 606, 16502, 3795
0.00363796, 0.00152284, 0.00211038, 0.000192287, 576, 16240, 2871
0.00501362, 0.00187299, 0.0031347, 0.000251629, 600, 16947, 3564
0.00423143, 0.00177566, 0.00245103, 0.000238574, 605, 16517, 3201
0.00382788, 0.00142314, 0.00240118, 0.000178039, 566, 16916, 3267
0.004089, 0.00137091, 0.00271453, 0.000268246, 615, 17201, 3630
0.00429315, 0.00201305, 0.00227655, 0.000213645, 608, 17435, 3894
0.00275726, 0.000898511, 0.00185518, 0.000156679, 624, 17248, 3036
0.00241304, 0.000841539, 0.00156913, 0.00017685, 616, 16873, 3762
0.00248782, 0.000794062, 0.0016902, 0.000154303, 594, 17137, 2937
0.00303737, 0.00107418, 0.00196082, 0.000144808, 602, 16715, 2574
0.00244153, 0.000864089, 0.00157507, 0.000143619, 585, 16124, 2838
0.00242728, 0.000873585, 0.00155014, 0.000119878, 574, 16214, 2376
0.00273233, 0.000804743, 0.00192521, 0.00013531, 624, 17390, 2772
0.00251868, 0.00089851, 0.00161542, 0.000149553, 602, 17246, 2574
0.0029436, 0.00115014, 0.0017899, 0.000148371, 616, 17609, 2442
0.00280948, 0.0010635, 0.00173055, 0.00013412, 590, 16463, 2706
0.0024807, 0.000935306, 0.00154302, 0.000163795, 613, 17389, 2805
0.0025804, 0.00100771, 0.00157032, 0.000136495, 566, 16562, 2541
0.00330799, 0.00108605, 0.0022172, 0.000210082, 638, 17451, 2805
0.00212818, 0.000765574, 0.00136023, 0.00016142, 614, 16816, 3135
0.00238456, 0.000973287, 0.00140889, 0.000148367, 618, 17831, 2706
0.00286408, 0.00135904, 0.00149791, 0.000153114, 610, 16757, 2376
0.00212106, 0.000810678, 0.00130563, 9.6141e-05, 589, 16774, 1914
0.00197506, 0.000719283, 0.0012534, 0.000117508, 587, 16571, 2409
0.00188011, 0.000720471, 0.00115608, 8.9021e-05, 595, 17010, 1782
0.0036617, 0.00171394, 0.00194183, 0.000188723, 571, 16981, 2409
0.00227298, 0.000924623, 0.00134361, 0.000116318, 639, 17405, 2442
0.00213649, 0.000789312, 0.00134361, 0.00014006, 603, 16833, 2508
0.00219583, 0.000827295, 0.00136498, 0.000136496, 623, 17598, 2541
0.00197387, 0.000760826, 0.00120711, 0.00011869, 612, 17222, 2277
0.00317862, 0.0017175, 0.00145637, 0.000157866, 598, 16972, 2211
0.0023893, 0.0010813, 0.00130444, 0.000124629, 616, 17710, 2343
0.00237506, 0.000945988, 0.00142551, 0.000115131, 591, 16692, 1815
0.00359523, 0.00174598, 0.00184331, 0.000168547, 567, 16016, 2310
0.00201067, 0.000746583, 0.00125934, 0.00010801, 633, 17204, 2244
0.00209731, 0.000821359, 0.00127121, 0.000110384, 606, 17450, 2211
0.00244983, 0.000949547, 0.00149672, 0.000131752, 637, 17834, 2442
0.00369255, 0.00180889, 0.00187773, 0.000159051, 606, 17046, 2244
0.00351095, 0.00167239, 0.00183263, 0.000199407, 606, 17036, 2541
0.00201898, 0.000816611, 0.0011988, 0.000134123, 611, 17285, 2607
0.00191334, 0.000770321, 0.00113946, 0.00010683, 587, 16541, 2046
0.00204746, 0.000875958, 0.00116794, 9.7326e-05, 572, 15950, 1881
0.00212817, 0.000865275, 0.00125815, 0.000163798, 619, 16486, 2805
0.0019893, 0.000775068, 0.00121186, 0.000117507, 606, 17014, 2442
0.00365101, 0.00177922, 0.00186705, 0.000173291, 634, 17997, 2211
0.00270028, 0.000842724, 0.0018528, 0.000187535, 611, 17165, 2442
0.00232758, 0.000966164, 0.00135785, 0.000106827, 618, 18093, 2013
0.00206289, 0.000963791, 0.00109317, 8.5461e-05, 610, 17030, 1914
0.00212224, 0.000851032, 0.00126765, 0.000106823, 579, 16108, 1947
0.00232995, 0.00103263, 0.00129257, 0.000119878, 582, 16792, 1914
0.00205221, 0.00085578, 0.00119168, 0.000138873, 619, 17273, 2673
0.00257209, 0.00108723, 0.0014813, 0.000140055, 606, 17467, 2244
0.00427059, 0.00228722, 0.00197862, 0.000180413, 626, 17727, 2343
0.00206883, 0.000936491, 0.00112996, 9.6141e-05, 599, 16999, 1848
0.00335428, 0.00174598, 0.00160355, 0.000144806, 626, 17572, 1980
0.00311808, 0.0016712, 0.00144213, 0.000117506, 610, 16801, 1485
0.0026528, 0.00118693, 0.00146112, 0.000143621, 602, 17538, 2409
0.00191096, 0.000773882, 0.00113234, 0.00010208, 593, 17000, 1782
0.00215429, 0.00103026, 0.00112165, 0.000113946, 624, 17039, 1914
0.00193589, 0.000775068, 0.00115607, 9.6142e-05, 579, 16772, 1914
0.00194539, 0.000865275, 0.00107655, 9.8514e-05, 638, 18050, 1782
0.00195488, 0.00081305, 0.00113708, 0.000116319, 611, 17431, 2079
0.00201067, 0.000858153, 0.00114776, 9.6142e-05, 616, 17632, 1881
0.00223856, 0.000956668, 0.00127833, 0.000116321, 623, 17111, 2112
0.0024344, 0.00107892, 0.00135192, 0.000102071, 579, 17131, 1617
0.00221244, 0.00110029, 0.00110741, 0.000115131, 594, 16948, 1980
0.00183737, 0.000756076, 0.00107774, 0.000102075, 605, 16756, 1749
0.0018528, 0.000804741, 0.0010445, 8.9015e-05, 582, 16971, 1716
0.00217802, 0.00119643, 0.000978033, 9.0206e-05, 632, 17602, 1749
0.00186823, 0.000776254, 0.00108842, 0.000102077, 613, 17166, 1749
0.00349077, 0.00186586, 0.00162016, 0.000117507, 613, 17299, 1551
0.0017626, 0.000776254, 0.000983968, 7.7151e-05, 613, 17182, 1584
0.00177921, 0.000757263, 0.00101958, 7.9525e-05, 585, 17339, 1518
0.00222075, 0.00104331, 0.00117388, 9.2579e-05, 607, 17010, 1386
0.00165221, 0.000716908, 0.000931742, 8.3086e-05, 614, 17393, 1551
0.00178159, 0.000792872, 0.000985154, 6.8846e-05, 582, 17270, 1320
0.00187298, 0.000883078, 0.000986341, 8.7834e-05, 637, 18117, 1815
0.0028344, 0.00164628, 0.00118219, 0.000143617, 615, 16924, 1980
0.00200948, 0.000900882, 0.00110504, 9.4952e-05, 617, 17921, 1749
0.00181126, 0.000821357, 0.000986342, 9.2579e-05, 600, 16853, 1617
0.00178752, 0.000872396, 0.00090919, 6.2909e-05, 585, 16491, 1155
0.00296021, 0.00153352, 0.00142076, 0.000137686, 602, 16952, 1518
0.00211274, 0.00101957, 0.00109079, 7.4776e-05, 613, 17259, 1287
0.00194776, 0.000826104, 0.0011169, 0.000118693, 566, 16224, 2079
0.00215309, 0.00115607, 0.000992275, 0.000103261, 631, 17329, 1947
0.0029068, 0.00139583, 0.0015074, 0.000117508, 605, 17219, 1485
0.00326288, 0.00181126, 0.00144687, 8.6648e-05, 611, 17649, 1089
0.00233707, 0.00103619, 0.00129732, 0.000103262, 600, 16737, 1650
0.00186823, 0.000853404, 0.00101126, 0.000104453, 605, 17467, 1947
0.00230265, 0.00107061, 0.00122847, 0.000100891, 606, 17113, 1617
0.00178514, 0.000778627, 0.00100414, 8.3084e-05, 601, 16535, 1518
0.00250561, 0.00154776, 0.000953106, 8.1901e-05, 569, 16444, 1452
0.00340293, 0.00180176, 0.00159761, 0.000135311, 619, 16879, 1650
0.00205695, 0.000950733, 0.00110266, 8.4273e-05, 600, 16699, 1353
0.00246763, 0.00114776, 0.00131512, 0.000117505, 635, 17715, 2145
0.00173767, 0.000766758, 0.000967349, 8.6645e-05, 600, 16794, 1518
0.00200473, 0.000941237, 0.00105993, 8.4273e-05, 623, 17607, 1353
0.00170206, 0.000740645, 0.000954293, 7.2403e-05, 568, 16062, 1617
0.00221719, 0.00104094, 0.0011715, 0.000103265, 635, 17667, 1749
0.00215784, 0.000943611, 0.00121067, 0.000108014, 613, 17115, 1848
0.00239048, 0.00100771, 0.00137921, 9.377e-05, 618, 17308, 1551
0.00217446, 0.00106942, 0.00110266, 7.8335e-05, 622, 16766, 1353
0.00174479, 0.000726401, 0.00101483, 0.000104449, 589, 16723, 1815
0.00161422, 0.000757262, 0.000853402, 8.4268e-05, 591, 16397, 1584
0.00173411, 0.000776253, 0.000956666, 9.7328e-05, 603, 16349, 1716
0.00191214, 0.000897319, 0.00101126, 9.8517e-05, 570, 16658, 1650
0.00190858, 0.00087358, 0.00103144, 0.000102077, 638, 17643, 1881
0.00226348, 0.00124153, 0.0010172, 8.5458e-05, 608, 16920, 1848
0.00222075, 0.00105874, 0.00115844, 8.3089e-05, 621, 17879, 1419
0.00213291, 0.00102669, 0.00110384, 9.258e-05, 614, 17062, 1584
0.00195844, 0.000924618, 0.00103026, 7.2403e-05, 605, 17049, 1386
0.00185399, 0.000824917, 0.00102551, 7.5966e-05, 612, 17900, 1419
0.00183618, 0.000847469, 0.000985153, 8.3084e-05, 598, 16644, 1485
0.00306465, 0.00177565, 0.00128307, 8.6647e-05, 572, 17123, 1155
0.00210561, 0.000887824, 0.00121423, 8.9021e-05, 623, 17024, 1485
0.00209256, 0.00103619, 0.00105281, 8.7828e-05, 618, 18307, 1518
0.0026338, 0.00138277, 0.00124984, 9.3767e-05, 629, 17897, 1716
0.00203796, 0.000906815, 0.0011264, 9.0203e-05, 601, 17479, 1716
0.00321658, 0.00170087, 0.00151096, 0.000122255, 611, 17767, 1650
0.00265042, 0.00141719, 0.00122847, 9.1393e-05, 618, 16796, 1485
0.0017887, 0.000739458, 0.00104569, 0.000110387, 586, 16241, 1518
0.00173054, 0.000795243, 0.00093174, 6.4095e-05, 582, 16718, 1089
0.00174241, 0.000815422, 0.000923432, 7.8339e-05, 624, 17205, 1881
0.00252697, 0.00136141, 0.00116082, 7.2403e-05, 611, 17910, 1221
0.00200354, 0.000911562, 0.00108723, 9.7329e-05, 629, 18551, 1980
0.00197268, 0.000884263, 0.00108367, 0.000111571, 612, 17390, 2112
0.00179939, 0.000833225, 0.0009626, 7.3589e-05, 627, 17705, 1386
0.0017531, 0.000823729, 0.000923432, 7.8334e-05, 618, 17513, 1683
0.00179701, 0.000748952, 0.0010445, 8.5461e-05, 580, 15808, 1650
0.00287593, 0.00152758, 0.0013436, 0.000115135, 589, 16262, 1518
0.00182312, 0.000798803, 0.00102076, 8.427e-05, 612, 16818, 1683
0.00180888, 0.000813046, 0.000991086, 0.000118693, 599, 17041, 2013
0.0018801, 0.00087714, 0.00100058, 9.8515e-05, 620, 17498, 1848
0.00190502, 0.000868831, 0.00103263, 9.4952e-05, 610, 17526, 1914
0.00212698, 0.000922244, 0.00120117, 9.1392e-05, 627, 17986, 1386
0.00206407, 0.000879514, 0.00118099, 0.000108011, 613, 17389, 1782
0.00188247, 0.000883075, 0.000995833, 7.8337e-05, 573, 16492, 1353
0.00188247, 0.000845093, 0.00103263, 9.614e-05, 594, 17499, 1716
0.00204271, 0.000964973, 0.00107417, 0.000106826, 605, 16823, 1815
0.00183262, 0.000828476, 0.00100058, 9.2581e-05, 593, 17157, 1551
0.00232045, 0.0010896, 0.00122728, 7.9521e-05, 635, 18352, 1353
0.00324862, 0.00195843, 0.00128544, 0.00014243, 603, 17183, 2046
0.00338037, 0.00181363, 0.001562, 0.000115134, 617, 17522, 1617
0.00327355, 0.00184805, 0.00142194, 8.6645e-05, 610, 17661, 1155
0.00193588, 0.000874766, 0.00105755, 7.003e-05, 582, 16654, 1188
0.00170324, 0.000763195, 0.0009353, 6.5282e-05, 601, 17223, 1089
0.002597, 0.00113233, 0.00146111, 0.000123438, 611, 17306, 1650
0.00156912, 0.000756074, 0.000809486, 5.4597e-05, 567, 16710, 1122
0.00231807, 0.00115726, 0.00115844, 6.0533e-05, 640, 18149, 1056
0.00256733, 0.0012439, 0.0013163, 0.000116318, 607, 16963, 1881
0.00190383, 0.000891384, 0.00101008, 8.4267e-05, 618, 17712, 1518
0.00174597, 0.000826102, 0.000917496, 8.4275e-05, 609, 17105, 1485
0.00172105, 0.00076557, 0.000953104, 8.1893e-05, 593, 17087, 1518
0.00266465, 0.00168069, 0.000979215, 8.7832e-05, 596, 17003, 1320
0.00317859, 0.00175072, 0.00142313, 0.000106825, 617, 17476, 1320
0.00163321, 0.00075726, 0.000871204, 8.0711e-05, 566, 16093, 1419
0.00343259, 0.00192757, 0.00150028, 0.000135308, 634, 17671, 1782
0.00209849, 0.00116438, 0.000930552, 6.8843e-05, 612, 16687, 1221
0.00184805, 0.000903252, 0.000941233, 7.2403e-05, 611, 16961, 1419
0.00168662, 0.000804737, 0.00087714, 9.1395e-05, 607, 16071, 1650
0.00204626, 0.000913934, 0.00112758, 7.3591e-05, 587, 16628, 1155
0.00191689, 0.000917495, 0.000995832, 9.3767e-05, 589, 16585, 1584
0.00185992, 0.000913934, 0.000941234, 9.3769e-05, 596, 16255, 1782
0.00281658, 0.00161778, 0.00119405, 0.000113946, 574, 16453, 1518
0.00196199, 0.000909186, 0.00104924, 0.000109201, 632, 17933, 1980
0.0024973, 0.0011347, 0.00135903, 9.3767e-05, 609, 17681, 1386
0.00312874, 0.00195843, 0.00116319, 8.5457e-05, 626, 17936, 1551
0.00191689, 0.000909187, 0.00100177, 9.2582e-05, 616, 17384, 1848
0.0017341, 0.000836784, 0.00089257, 5.8158e-05, 606, 17375, 1089
0.00192164, 0.000889009, 0.00102907, 7.7152e-05, 609, 17592, 1617
0.00176021, 0.000810671, 0.000944795, 9.1395e-05, 603, 16601, 1584
0.00149197, 0.000686045, 0.000802364, 6.172e-05, 564, 16146, 1089
0.0021246, 0.00105993, 0.0010623, 0.000100889, 621, 16981, 1518
0.00204745, 0.00105993, 0.00098515, 9.258e-05, 612, 17545, 1683
0.00212579, 0.00103381, 0.00108841, 6.7655e-05, 623, 17291, 1155
0.00235605, 0.00136259, 0.000987523, 8.5456e-05, 590, 16969, 1518
0.00198692, 0.000909186, 0.00107298, 0.000102076, 612, 17357, 1584
0.00202727, 0.000909186, 0.00111453, 7.0025e-05, 564, 16793, 1188
0.00179107, 0.000778625, 0.00100889, 8.3085e-05, 627, 17132, 1551
0.00175546, 0.000816605, 0.000935298, 6.7656e-05, 601, 16895, 1155
0.00354179, 0.00201184, 0.0015252, 0.000113943, 626, 17748, 1386
0.00344565, 0.00193944, 0.00150027, 0.000113944, 621, 17426, 1386
0.00243557, 0.000929363, 0.00150265, 9.258e-05, 598, 16994, 1221
0.00305752, 0.00179107, 0.00125933, 0.00011988, 589, 16330, 1485
0.00170086, 0.000706221, 0.000991083, 9.8514e-05, 603, 16095, 1386
0.00180175, 0.000872391, 0.000924615, 7.1215e-05, 580, 17365, 1287
0.00177327, 0.000861708, 0.000907999, 7.7151e-05, 632, 17734, 1386
0.00353941, 0.0019881, 0.00154775, 0.000108007, 616, 17821, 1386
0.00191333, 0.000921054, 0.000987523, 7.7151e-05, 624, 17639, 1485
0.00178158, 0.000785745, 0.00099227, 9.0208e-05, 613, 16992, 1518
0.00175546, 0.000798802, 0.000953101, 8.427e-05, 609, 17562, 1485
0.00176377, 0.00083797, 0.000922242, 7.8336e-05, 615, 17072, 1452
0.00169256, 0.000852213, 0.000836783, 7.2403e-05, 599, 16758, 1353
0.00156674, 0.000785745, 0.000777437, 5.2227e-05, 568, 16101, 924
0.00188128, 0.000842718, 0.00103381, 0.000103261, 643, 17708, 1848
0.00313349, 0.00175546, 0.00137446, 0.000128186, 608, 16433, 1716
0.00229908, 0.00137802, 0.000916307, 9.3768e-05, 616, 17337, 1848
0.00225397, 0.00104806, 0.00120236, 9.733e-05, 608, 16669, 1584
0.0019703, 0.000922242, 0.0010445, 8.9019e-05, 608, 16960, 1485
0.0018065, 0.000792867, 0.00101007, 9.4955e-05, 610, 18043, 1815
0.00212223, 0.000823727, 0.00129612, 0.000134118, 603, 18249, 2277
0.00185991, 0.000783372, 0.00107298, 0.000110384, 593, 16637, 2244
0.00408184, 0.00203914, 0.00203677, 0.000205342, 656, 19852, 2739
0.00211154, 0.000893756, 0.00121541, 0.000127003, 616, 18599, 2211
0.00267058, 0.00116081, 0.00150502, 0.000129375, 613, 18058, 2244
0.00233706, 0.000963783, 0.00136971, 0.000124622, 614, 17817, 2178
0.00219581, 0.000970905, 0.00122134, 0.00010089, 601, 17359, 1947
0.00199878, 0.000873577, 0.00112046, 0.000110382, 601, 18150, 1980
0.00198454, 0.000824913, 0.00115606, 8.783e-05, 576, 18155, 1716
0.00251391, 0.00112402, 0.00134004, 9.258e-05, 575, 18349, 1518
0.00234774, 0.00097684, 0.00136496, 0.000112758, 601, 19255, 1881
0.00392754, 0.00207356, 0.00184804, 0.000122252, 578, 18791, 1452
0.00258868, 0.00119879, 0.00138514, 7.5963e-05, 607, 19669, 1518
0.00228246, 0.000906811, 0.00136971, 6.5281e-05, 571, 18631, 1122
0.00268008, 0.00101957, 0.00165813, 6.7655e-05, 612, 20750, 1188
0.00427056, 0.00195249, 0.00231332, 0.000109199, 576, 19814, 1320
0.00403554, 0.00201896, 0.00201184, 9.0204e-05, 572, 19614, 1221
0.00261124, 0.000972091, 0.00162609, 5.8157e-05, 543, 18263, 825
0.00291865, 0.00119049, 0.00172342, 5.46e-05, 570, 19746, 990
0.00269669, 0.00104687, 0.00164745, 6.7655e-05, 553, 19031, 1287
0.0041032, 0.00204032, 0.00205694, 6.0533e-05, 563, 19158, 792
0.00376137, 0.00181481, 0.00194181, 6.2906e-05, 534, 18555, 792
0.00308719, 0.00102313, 0.00205931, 5.6974e-05, 564, 20169, 1122
0.00289372, 0.00093411, 0.00195249, 4.7474e-05, 553, 20060, 858
0.00292102, 0.000956662, 0.0019608, 4.9852e-05, 521, 18277, 858
0.00292814, 0.00106349, 0.0018611, 3.9171e-05, 523, 18738, 627
0.00457322, 0.000845091, 0.00189671, 3.7981e-05, 539, 19489, 891
0.00301242, 0.000943606, 0.00206406, 3.5606e-05, 512, 18265, 660
0.00342784, 0.0011074, 0.00231688, 5.2223e-05, 522, 18903, 759
0.00284743, 0.00088426, 0.0019608, 3.2048e-05, 507, 17430, 561
0.00341478, 0.00106467, 0.00234536, 4.7475e-05, 540, 19490, 825
0.00375543, 0.000962596, 0.00278808, 4.2728e-05, 525, 19689, 693
0.00303378, 0.00114538, 0.00188365, 2.4927e-05, 478, 17315, 561
0.00301479, 0.000891379, 0.00211866, 2.6111e-05, 507, 18310, 429
0.00321538, 0.000944792, 0.00226703, 4.3916e-05, 495, 17838, 792
0.00297324, 0.000818977, 0.00214952, 3.0861e-05, 459, 15990, 627
0.00363911, 0.0010528, 0.00258393, 2.1365e-05, 513, 18245, 330
0.0046836, 0.00180294, 0.00287117, 1.7803e-05, 474, 17938, 231
0.00527588, 0.00096853, 0.00209017, 1.7803e-05, 474, 17369, 297
0.00303378, 0.000776248, 0.00225159, 2.1363e-05, 469, 17382, 363
0.00327116, 0.00104449, 0.00222311, 1.1867e-05, 423, 14504, 198
0.00292458, 0.000858146, 0.00206287, 4.747e-06, 410, 13880, 99
0.00282844, 0.000775062, 0.00204982, 1.5431e-05, 426, 14677, 297
0.00299105, 0.000873576, 0.00211391, 1.6617e-05, 387, 13764, 231
0.00348599, 0.00101838, 0.00246405, 9.496e-06, 433, 15734, 165
0.00427411, 0.00148365, 0.0027869, 2.8487e-05, 409, 14359, 297
0.00487351, 0.00169137, 0.00317621, 2.6112e-05, 430, 15382, 297
0.00511683, 0.00181956, 0.00329253, 2.3737e-05, 428, 15045, 231
0.00341478, 0.0010896, 0.00232162, 2.1363e-05, 403, 14623, 330
0.00446165, 0.00145042, 0.00300648, 2.3739e-05, 409, 14620, 264
0.00303022, 0.000928174, 0.00209848, 1.7803e-05, 396, 13978, 297
0.00259106, 0.000816603, 0.00177089, 1.8991e-05, 384, 12914, 264
0.00293526, 0.000732332, 0.00219937, 9.495e-06, 416, 15098, 165
0.002705, 0.000751322, 0.00195011, 1.543e-05, 397, 14425, 231
0.00235604, 0.000703845, 0.00164745, 1.7802e-05, 393, 13603, 264
0.00266583, 0.000782182, 0.0018789, 5.934e-06, 409, 14263, 132
0.00255901, 0.000794051, 0.00176139, 9.496e-06, 399, 14124, 132
0.00249016, 0.000862893, 0.00162371, 8.309e-06, 366, 12337, 165
0.00286167, 0.000950725, 0.00190738, 2.4924e-05, 422, 15066, 429
0.00344089, 0.00116675, 0.00227058, 2.2552e-05, 386, 13155, 264
0.00398094, 0.0016154, 0.00236198, 8.309e-06, 413, 14799, 99
0.00274535, 0.00125339, 0.0014884, 1.6617e-05, 421, 15399, 231
0.00223854, 0.000733518, 0.00150146, 1.0682e-05, 395, 14224, 165
0.00240471, 0.000911556, 0.0014884, 2.0179e-05, 400, 13970, 330
0.00251984, 0.000907995, 0.00160709, 2.3739e-05, 395, 13791, 330
0.00227296, 0.000865266, 0.00140413, 1.4241e-05, 367, 12683, 231
0.00239521, 0.000988707, 0.00140294, 2.3739e-05, 423, 15272, 231
0.00187652, 0.000714528, 0.00115844, 1.6617e-05, 389, 13727, 231
0.00263734, 0.00092936, 0.00170442, 2.3739e-05, 410, 14781, 297
0.00220768, 0.000892566, 0.00131155, 1.6618e-05, 399, 14465, 264
0.00235011, 0.000947164, 0.00139938, 2.2552e-05, 396, 14367, 396
0.00193587, 0.000759631, 0.00117268, 1.3057e-05, 390, 13974, 198
0.00213765, 0.000940042, 0.00119286, 8.307e-06, 388, 14331, 165
0.00213053, 0.000862893, 0.00126289, 7.122e-06, 371, 13168, 99
0.0018789, 0.000833219, 0.00104331, 1.5429e-05, 405, 15231, 264
0.00178038, 0.000716901, 0.00105992, 1.4244e-05, 411, 15541, 231
0.00246642, 0.00113707, 0.00132698, 1.0681e-05, 427, 15206, 165
0.00215545, 0.000921051, 0.00123084, 2.0176e-05, 418, 15408, 264
0.00200234, 0.000851023, 0.00114775, 1.3057e-05, 417, 16222, 198
0.00387055, 0.00202726, 0.00183735, 2.3738e-05, 447, 17150, 264
0.00192281, 0.000807107, 0.00111215, 2.0179e-05, 416, 15564, 363
0.00198691, 0.000785742, 0.00119642, 2.2551e-05, 417, 15265, 330
0.00215782, 0.000848648, 0.00130561, 2.8486e-05, 444, 17199, 462
0.00196079, 0.000797611, 0.00115843, 2.2552e-05, 425, 16468, 330
0.00190263, 0.000843901, 0.00105636, 2.2553e-05, 434, 15881, 363
0.00159403, 0.0007442, 0.000846275, 4.748e-06, 414, 16078, 99
0.00194418, 0.000821349, 0.00111808, 2.8485e-05, 456, 17322, 528
0.00291627, 0.00119998, 0.00171273, 2.9674e-05, 450, 17982, 363
0.00236435, 0.000913929, 0.00144567, 2.1364e-05, 432, 15598, 264
0.0017602, 0.000841528, 0.000913929, 8.308e-06, 438, 16088, 165
0.0019964, 0.000978023, 0.00101482, 1.7803e-05, 462, 17627, 297
0.00221598, 0.00099464, 0.0012166, 2.2552e-05, 419, 16262, 297
0.00172341, 0.000807107, 0.000912742, 2.374e-05, 449, 16157, 462
0.00294, 0.00161184, 0.00132342, 1.4243e-05, 415, 15697, 165
0.0019964, 0.00102194, 0.000972089, 1.7804e-05, 456, 17322, 330
0.00198335, 0.000911556, 0.00106823, 1.4243e-05, 452, 18075, 165
0.00170561, 0.000797612, 0.000904435, 2.2551e-05, 424, 15342, 363
0.00208779, 0.000892565, 0.00119167, 1.187e-05, 450, 16301, 198
0.00189551, 0.000859331, 0.00103144, 1.1869e-05, 462, 17007, 198
0.00325335, 0.00195961, 0.00129018, 1.4244e-05, 438, 16195, 198
0.00298273, 0.00162846, 0.00134834, 3.7981e-05, 461, 16916, 462
0.00170917, 0.000777434, 0.000928172, 1.8991e-05, 438, 16094, 396
0.00224922, 0.00110858, 0.00113707, 2.4926e-05, 466, 17033, 429
0.00291745, 0.00164863, 0.00126407, 3.4422e-05, 462, 17760, 462
0.0033032, 0.001797, 0.00150146, 2.1365e-05, 418, 15135, 297
0.00421713, 0.00102431, 0.00141837, 8.4271e-05, 449, 16924, 1881
0.00215545, 0.000922238, 0.00122728, 7.9526e-05, 447, 16745, 1617
0.00187296, 0.000802358, 0.00106704, 4.9852e-05, 427, 15009, 1188
0.00252221, 0.00107416, 0.00144448, 7.9522e-05, 473, 18203, 1650
0.00366165, 0.00172103, 0.00193705, 9.3767e-05, 432, 16812, 1188
0.00219105, 0.000999387, 0.00118692, 5.8161e-05, 454, 17236, 1221
0.0024498, 0.00101719, 0.00142905, 7.1212e-05, 451, 17707, 1551
0.00208067, 0.000929359, 0.00114775, 6.7653e-05, 462, 16686, 1386
0.00352278, 0.00171154, 0.00180768, 6.6467e-05, 460, 16814, 924
0.00297798, 0.00114182, 0.00183142, 6.4094e-05, 461, 16767, 1089
0.00293644, 0.0014516, 0.0014789, 6.528e-05, 423, 14844, 891
0.00283437, 0.00133647, 0.00149433, 5.6974e-05, 485, 17966, 957
0.00243794, 0.000922237, 0.00151095, 7.0026e-05, 434, 17255, 1221
0.00229076, 0.00085933, 0.00142787, 6.0531e-05, 459, 17429, 1122
0.00203794, 0.00084034, 0.00119404, 7.4777e-05, 441, 16572, 1617
0.00428716, 0.00199403, 0.00228838, 7.8338e-05, 471, 17976, 1023
0.00573876, 0.00157861, 0.00212103, 9.0209e-05, 473, 17483, 1221
0.0027584, 0.00108841, 0.00166644, 7.715e-05, 458, 16223, 1287
0.00356788, 0.00163439, 0.00192756, 8.1893e-05, 431, 14760, 1023
0.00284386, 0.00111452, 0.00172697, 7.5963e-05, 470, 18004, 1221
0.00229076, 0.000900873, 0.00138632, 5.5786e-05, 437, 17081, 1089
0.0033483, 0.00179937, 0.00154418, 7.1217e-05, 453, 16282, 1023
0.00196079, 0.000802358, 0.00115606, 4.5101e-05, 415, 14759, 858
0.00296968, 0.00114894, 0.00181599, 4.0356e-05, 475, 19602, 693
0.0024949, 0.00106704, 0.0014243, 3.0858e-05, 434, 17512, 528
0.00219105, 0.000871199, 0.00131748, 3.3235e-05, 438, 16192, 561
0.00273704, 0.00117624, 0.00155724, 3.7981e-05, 426, 15797, 660
0.00515598, 0.00128899, 0.0017151, 5.5786e-05, 460, 17980, 1089
0.00365334, 0.00174358, 0.00190382, 4.7477e-05, 402, 16321, 660
0.00265989, 0.00107535, 0.00158098, 4.273e-05, 441, 15016, 693
0.00302783, 0.00112401, 0.00190026, 6.0531e-05, 457, 16940, 1089
0.00214476, 0.000872386, 0.00126882, 4.6288e-05, 463, 15382, 957
0.00302071, 0.00135428, 0.00166169, 5.5783e-05, 428, 12949, 693
0.00346699, 0.00174833, 0.00171391, 4.8661e-05, 479, 15595, 924
0.00251746, 0.000969713, 0.00154418, 5.3411e-05, 440, 14308, 858
0.00206999, 0.000839152, 0.00122846, 5.5785e-05, 461, 12505, 990
0.0020237, 0.000750133, 0.00127, 4.2729e-05, 445, 13459, 759
0.00311092, 0.00130917, 0.001797, 5.9348e-05, 467, 12869, 858
0.00191094, 0.00070503, 0.00120235, 6.172e-05, 471, 12594, 1122
0.00292813, 0.0014065, 0.0015157, 5.9346e-05, 462, 13406, 825
0.00439279, 0.000686039, 0.000950723, 8.3081e-05, 406, 10378, 1617
0.00212459, 0.000827283, 0.00129374, 5.8159e-05, 451, 13008, 1188
0.00166406, 0.00063975, 0.00101956, 4.7474e-05, 423, 11837, 825
0.00221123, 0.00081304, 0.00139463, 7.9525e-05, 453, 10690, 1386
0.00191331, 0.000602955, 0.00130799, 7.7149e-05, 433, 10593, 1056
0.00152875, 0.000598207, 0.000928171, 5.9346e-05, 442, 10441, 1188
0.00187058, 0.000627881, 0.00123914, 6.7655e-05, 436, 10839, 1386
0.00181005, 0.000801171, 0.00100532, 4.9851e-05, 454, 10978, 825
0.00161302, 0.000718086, 0.000890189, 6.6467e-05, 410, 9827, 1122
0.00157623, 0.00058159, 0.000991078, 5.341e-05, 425, 11731, 1023
0.00153825, 0.000588712, 0.000945975, 5.9344e-05, 426, 11490, 1287
0.00185041, 0.000764376, 0.00108247, 5.9342e-05, 428, 10554, 1221
0.00182667, 0.000776245, 0.00104568, 6.2905e-05, 436, 11549, 1188
0.00226345, 0.000875946, 0.00138513, 7.1213e-05, 438, 11247, 1188
0.00160709, 0.000613637, 0.000988703, 5.5789e-05, 428, 11066, 1089
0.00480346, 0.000587525, 0.000929357, 8.6646e-05, 437, 11022, 1815
0.00162608, 0.000613637, 0.00101007, 7.0028e-05, 415, 9813, 1386
0.00159522, 0.000613637, 0.000976833, 6.884e-05, 453, 12000, 990
0.00185041, 0.000791675, 0.00105517, 6.528e-05, 453, 11483, 1221
0.0013341, 0.000556665, 0.000773871, 5.5785e-05, 424, 10179, 1056
0.00229313, 0.00121184, 0.00107535, 6.8841e-05, 429, 10957, 957
0.00187058, 0.000780992, 0.00108603, 7.7151e-05, 437, 10283, 1386
0.001797, 0.000771497, 0.00101956, 5.2222e-05, 440, 10414, 1155
0.00166525, 0.000789301, 0.000872385, 5.8159e-05, 422, 10434, 1122
0.00227532, 0.00104568, 0.00122609, 5.2226e-05, 431, 9571, 726
0.0026041, 0.00126051, 0.00134003, 7.5962e-05, 457, 10952, 1023
0.00261478, 0.00126288, 0.00134596, 8.6645e-05, 437, 10727, 1089
0.00133884, 0.000544795, 0.000789301, 3.6794e-05, 433, 10123, 660
0.00269668, 0.00137326, 0.00131867, 7.9521e-05, 452, 11709, 1089
0.00154893, 0.000639749, 0.000905619, 4.7476e-05, 426, 10588, 891
0.00178156, 0.000843899, 0.000932918, 4.3915e-05, 456, 11090, 759
0.00164744, 0.000760815, 0.000883067, 5.1039e-05, 429, 10805, 792
0.00174002, 0.000856955, 0.000879506, 3.6795e-05, 422, 9834, 726
0.00174358, 0.000798796, 0.000941227, 4.0355e-05, 458, 11557, 726
0.00181717, 0.000824909, 0.000988703, 5.5787e-05, 435, 10320, 957
0.00179462, 0.000784553, 0.00100532, 2.4924e-05, 441, 11462, 462
0.00183498, 0.000815413, 0.001016, 5.2223e-05, 458, 12678, 1056
0.00148839, 0.000656366, 0.000828469, 4.7477e-05, 415, 10369, 825
0.0016237, 0.000738263, 0.000881879, 4.7476e-05, 444, 11850, 858
0.00233111, 0.00141124, 0.000915113, 3.9168e-05, 442, 11075, 528
0.00182192, 0.000791674, 0.00102668, 2.9672e-05, 441, 11654, 528
0.00167949, 0.000798795, 0.000877132, 4.1543e-05, 456, 12194, 792
0.00134478, 0.000598206, 0.00074301, 3.086e-05, 429, 10524, 627
0.00181242, 0.000832029, 0.000976833, 3.4421e-05, 457, 12636, 627
0.00155368, 0.000657553, 0.000892562, 3.6795e-05, 452, 12797, 660
0.00184328, 0.000886627, 0.000953095, 3.7979e-05, 418, 10489, 594
0.00273347, 0.00146228, 0.00126525, 5.1037e-05, 455, 12510, 693
0.00144685, 0.000639748, 0.000803543, 4.1542e-05, 444, 11742, 726
0.00236315, 0.00127238, 0.00108484, 4.1542e-05, 464, 12051, 627
0.00159878, 0.000810665, 0.000782179, 2.7298e-05, 449, 11803, 495
0.00153706, 0.000733515, 0.000799982, 3.442e-05, 424, 10119, 660
0.0016605, 0.000760814, 0.000896123, 2.374e-05, 454, 11999, 429
0.00214239, 0.000964963, 0.00117386, 4.273e-05, 443, 12335, 561
0.00136377, 0.00067773, 0.000682477, 3.3236e-05, 424, 9854, 660
0.00253526, 0.00141599, 0.0011157, 4.5104e-05, 453, 12243, 561
0.00244624, 0.00137445, 0.00106823, 6.8837e-05, 444, 11499, 957
0.00235128, 0.00120947, 0.00113707, 5.8161e-05, 442, 11404, 759
0.00171747, 0.000872384, 0.000842711, 3.7981e-05, 425, 11672, 627
0.00133172, 0.000667048, 0.000661113, 4.7476e-05, 425, 10541, 891
0.0017875, 0.000918674, 0.000865263, 2.6111e-05, 461, 13157, 363
0.00139226, 0.000714525, 0.000672983, 3.6795e-05, 445, 12143, 660
0.00128068, 0.000549542, 0.000727581, 2.9674e-05, 428, 10328, 495
0.0013697, 0.000604141, 0.000762001, 5.4601e-05, 449, 11834, 1023
0.00253407, 0.00131629, 0.00120353, 6.528e-05, 433, 11317, 891
0.00298628, 0.00162251, 0.00135902, 7.952e-05, 463, 12247, 957
0.00143261, 0.000687225, 0.00074301, 3.4421e-05, 453, 11791, 693
0.00139344, 0.000570907, 0.000817785, 4.985e-05, 431, 10672, 990
0.00168423, 0.000724019, 0.000956655, 4.7474e-05, 482, 14084, 858
0.00171509, 0.000824907, 0.000886626, 5.4597e-05, 467, 13116, 957
0.00198452, 0.000784552, 0.00119523, 6.8843e-05, 464, 13209, 1287
0.00172103, 0.00087001, 0.000846271, 6.0535e-05, 460, 12085, 1089
0.00157029, 0.000718084, 0.000849832, 3.6797e-05, 475, 13110, 660
0.0018777, 0.000697907, 0.00117623, 7.0027e-05, 447, 11429, 1188
0.00174358, 0.000752505, 0.000986328, 6.4093e-05, 486, 14016, 1287
0.00293881, 0.00155605, 0.00137564, 9.9703e-05, 485, 13835, 1155
0.00155605, 0.000683664, 0.000868823, 7.0028e-05, 465, 12492, 1452
0.00188245, 0.000866449, 0.00101244, 4.748e-05, 493, 14047, 825
0.00291507, 0.0014694, 0.00143973, 0.000115132, 472, 13377, 1452
0.00197147, 0.00083915, 0.00112876, 6.884e-05, 466, 14040, 1287
0.00309667, 0.00160946, 0.00148246, 9.8515e-05, 489, 14313, 1221
0.00165219, 0.0006623, 0.000986327, 7.4779e-05, 464, 12757, 1353
0.00185396, 0.000795234, 0.00105517, 7.0032e-05, 500, 15483, 1287
0.00279519, 0.00157385, 0.0012154, 6.1722e-05, 491, 14217, 891
0.00354769, 0.000703841, 0.000959028, 0.000109198, 485, 13627, 2145
0.00169017, 0.000727579, 0.000959029, 4.6291e-05, 484, 14694, 957
0.00183616, 0.000783365, 0.00104805, 5.9347e-05, 471, 13741, 1023
0.00199521, 0.000912738, 0.00107772, 6.0536e-05, 491, 15185, 990
0.00191568, 0.000917487, 0.000994636, 4.1542e-05, 488, 13935, 759
0.00235603, 0.00140056, 0.000949533, 5.6971e-05, 476, 13478, 990
0.00240825, 0.00105754, 0.00134952, 7.1215e-05, 512, 15863, 1155
0.00159403, 0.000720457, 0.000870009, 3.2049e-05, 486, 13813, 594
0.00183497, 0.000771495, 0.00105992, 6.5281e-05, 500, 14851, 1254
0.00184565, 0.000849831, 0.000991074, 5.2227e-05, 486, 14626, 957
0.00177206, 0.000690784, 0.00107772, 5.1038e-05, 488, 13524, 891
0.00175545, 0.000878317, 0.00087357, 5.2224e-05, 480, 14159, 957
0.00184803, 0.00085814, 0.000986327, 3.4421e-05, 488, 14350, 528
0.00163201, 0.00069672, 0.000930541, 6.0532e-05, 468, 12846, 1089
0.00176613, 0.000762, 0.00100176, 5.6971e-05, 527, 15567, 1056
0.0018326, 0.000759626, 0.00106941, 5.4597e-05, 495, 13236, 924
0.00194535, 0.000880691, 0.0010611, 4.9848e-05, 524, 15554, 990
0.00187533, 0.000789299, 0.00108365, 4.6291e-05, 506, 15194, 825
0.0018955, 0.000803542, 0.0010884, 7.1218e-05, 504, 13916, 1320
0.00165219, 0.000733514, 0.000915111, 5.9347e-05, 513, 14854, 1122
0.00298509, 0.0015513, 0.00142786, 4.985e-05, 518, 13850, 528
0.00173171, 0.00078099, 0.000947158, 5.8159e-05, 500, 13675, 1155
0.00188838, 0.000884252, 0.000998196, 5.9347e-05, 554, 15539, 1023
0.00268599, 0.0013697, 0.00131273, 8.0712e-05, 517, 13330, 1023
0.00168305, 0.000718084, 0.000960215, 5.1035e-05, 535, 15110, 990
0.00310497, 0.00165575, 0.00144329, 7.7149e-05, 526, 14818, 924
0.00165337, 0.000687224, 0.000963776, 7.8335e-05, 508, 13610, 1320
0.00253644, 0.00146228, 0.00106941, 7.1216e-05, 522, 14519, 1386
0.00157266, 0.000689597, 0.000879505, 5.8157e-05, 504, 13633, 990
0.00194179, 0.000894934, 0.00104211, 5.816e-05, 515, 14193, 1089
0.00204862, 0.000915111, 0.00112994, 5.8157e-05, 549, 15637, 1122
0.00157266, 0.00068485, 0.000884252, 4.5101e-05, 506, 13237, 891
0.00356431, 0.00188601, 0.00167355, 9.614e-05, 542, 15242, 1122
0.00546218, 0.00100413, 0.00101956, 6.4093e-05, 543, 15569, 1188
0.00281536, 0.00143617, 0.00137326, 9.0207e-05, 510, 13494, 1188
0.00204387, 0.000948344, 0.00109196, 5.4598e-05, 516, 15246, 990
0.00172577, 0.000849831, 0.000872382, 4.7477e-05, 511, 13673, 1023
0.00322722, 0.00157622, 0.00164388, 0.000117502, 517, 14573, 1518
0.00275008, 0.00133884, 0.00140649, 8.7832e-05, 537, 15062, 1122
0.0018777, 0.000817784, 0.00105279, 7.1211e-05, 506, 13794, 1221
0.001651, 0.000693158, 0.000954279, 5.3412e-05, 535, 15482, 1089
0.00218748, 0.00101481, 0.00116792, 7.7149e-05, 535, 15604, 1551
0.00149314, 0.000665859, 0.000822532, 5.4598e-05, 505, 13758, 1221
0.00211508, 0.000951905, 0.00115962, 6.6468e-05, 531, 15263, 1188
0.00176732, 0.000777429, 0.000986326, 7.5963e-05, 510, 14593, 1386
0.00167474, 0.000754878, 0.000916298, 5.4597e-05, 516, 15189, 1221
0.00201419, 0.000967335, 0.0010433, 6.5281e-05, 527, 15917, 1320
0.00152637, 0.000703841, 0.000820158, 6.0534e-05, 508, 14594, 1122
0.00190975, 0.000753691, 0.00115249, 6.2906e-05, 523, 15483, 1287
0.00184684, 0.000783363, 0.00105992, 8.19e-05, 502, 15231, 1650
0.00154418, 0.000751317, 0.000789298, 4.154e-05, 516, 14081, 858
0.00158453, 0.000772681, 0.000807102, 7.5961e-05, 519, 15655, 1518
0.00223971, 0.00104567, 0.00118929, 0.000140055, 526, 14614, 1716
0.00166761, 0.00070384, 0.000960214, 7.8336e-05, 514, 14999, 1419
0.00635593, 0.000621943, 0.000859326, 9.9698e-05, 504, 14644, 2013
0.00229787, 0.00152519, 0.00076912, 7.4775e-05, 486, 13428, 1254
0.00173171, 0.000707401, 0.00101956, 7.1214e-05, 530, 15802, 1320
0.00207829, 0.000968522, 0.00110502, 9.0204e-05, 505, 14732, 1518
0.00169017, 0.000733513, 0.00095428, 7.4776e-05, 478, 13225, 1287
0.0030658, 0.0015869, 0.00147296, 0.000122253, 504, 14441, 1518
0.00178274, 0.000777428, 0.00100176, 7.8335e-05, 495, 13712, 1320
0.00243673, 0.00153468, 0.000897306, 9.8514e-05, 498, 14324, 1716
0.00202131, 0.000929353, 0.00108721, 0.000110385, 512, 14477, 1914
0.00192161, 0.000860512, 0.00105517, 9.4952e-05, 481, 14289, 1650
0.00210321, 0.000918671, 0.00118217, 9.7327e-05, 517, 15016, 1617
0.00196672, 0.000815409, 0.00114893, 7.3588e-05, 506, 14980, 1353
0.00163438, 0.000707401, 0.000923419, 9.6141e-05, 490, 13922, 1947
0.00200351, 0.000829652, 0.0011703, 0.00013175, 480, 13681, 2211
0.0018053, 0.000801167, 0.000999381, 8.7832e-05, 491, 14115, 1683
0.00168186, 0.000656363, 0.00102193, 9.0203e-05, 473, 13949, 1980
0.00211627, 0.000817783, 0.00129492, 0.000116321, 528, 15989, 2376
0.00731139, 0.000663485, 0.0010338, 0.000141242, 527, 16262, 2772
0.0014872, 0.000612447, 0.000871195, 9.0208e-05, 485, 13541, 1749
0.0021673, 0.000816596, 0.00134715, 0.000126998, 529, 15843, 2277
0.00239638, 0.00102787, 0.00136495, 0.000129373, 544, 15516, 2145
0.00181123, 0.000757251, 0.00105042, 0.000121065, 536, 16149, 2541
0.00224683, 0.000916298, 0.00132697, 0.000138874, 520, 14534, 2409
0.00189194, 0.000829653, 0.00105754, 0.000104447, 506, 14466, 1980
0.003537, 0.00160352, 0.00192755, 0.000250439, 543, 15348, 3168
0.00211745, 0.000940035, 0.00117267, 0.00013768, 521, 15125, 2475
0.001778, 0.000634999, 0.00113944, 0.000112756, 495, 14021, 2244
0.00225632, 0.000854577, 0.00139818, 0.00014243, 524, 15342, 2640
0.0025578, 0.000987512, 0.00156554, 0.000194652, 500, 14621, 3366
0.00248777, 0.00102668, 0.00145634, 0.000172098, 518, 15736, 3036
0.00312158, 0.00173408, 0.00138157, 0.000154297, 504, 14591, 2541
0.00193229, 0.000720456, 0.00119997, 0.000135311, 514, 15273, 2706
0.00236196, 0.000804727, 0.00155367, 0.000199395, 527, 14598, 3498
0.00688291, 0.000804727, 0.00127712, 0.00021127, 553, 15314, 4092
0.00204624, 0.000788111, 0.00125457, 0.000155487, 507, 14197, 2970
0.00197858, 0.000732325, 0.0012427, 0.000143618, 552, 15430, 2904
0.0021495, 0.000776241, 0.0013697, 0.000186348, 537, 15003, 3663
0.00238451, 0.000871194, 0.00150975, 0.000200588, 566, 15732, 4059
0.0034278, 0.00163794, 0.00178274, 0.000218394, 506, 13500, 2838
0.00208185, 0.00076912, 0.00130916, 0.000189912, 523, 15247, 3861
0.00360109, 0.00165099, 0.00194535, 0.000265871, 533, 13802, 3432
0.00203199, 0.000659923, 0.00136851, 0.000200589, 543, 14763, 3729
0.00205929, 0.000714521, 0.00134121, 0.000189902, 501, 13289, 3597
0.00186108, 0.000684848, 0.00117267, 0.000166168, 481, 13621, 3102
0.00336252, 0.00150975, 0.00184802, 0.000275364, 471, 13457, 3762
0.00172814, 0.000646867, 0.00107653, 0.000141244, 492, 13380, 2871
0.00311921, 0.00134359, 0.00176969, 0.000243317, 484, 12073, 3300
0.00196078, 0.000759624, 0.0011976, 0.000183974, 491, 12602, 3630
0.00209253, 0.000847455, 0.00124151, 0.000201777, 511, 11143, 3762
0.0032284, 0.00150619, 0.00171509, 0.000259935, 489, 11583, 3399
0.00243436, 0.00112282, 0.00130798, 0.000239759, 456, 9693, 3366
0.00759624, 0.000981577, 0.00132815, 0.000226701, 482, 10997, 3927
0.0017958, 0.000684848, 0.00110739, 0.000186344, 449, 9425, 3333
0.00137326, 0.000491382, 0.000877128, 0.000159047, 462, 9910, 3069
0.00222784, 0.000972081, 0.00125101, 0.000208898, 433, 8425, 2838
0.00162963, 0.000859325, 0.000765559, 0.000124627, 450, 8519, 2376
0.00123558, 0.000432036, 0.000799979, 0.000127002, 450, 8135, 2904
0.00107416, 0.000429663, 0.00064212, 0.000105633, 441, 8154, 2112
0.00119285, 0.000507998, 0.000680101, 0.000132936, 420, 7016, 2574
0.0014053, 0.000557849, 0.000843894, 0.000144803, 448, 8582, 2772
0.00108484, 0.000415419, 0.000665858, 0.000129369, 414, 7056, 2673
0.00118573, 0.000454587, 0.000727577, 0.000113941, 439, 8212, 2013
0.00123439, 0.000456961, 0.00077268, 0.000163794, 445, 7824, 3003
0.0018136, 0.000845081, 0.000963773, 0.00019584, 427, 7570, 2706
0.00119997, 0.00049969, 0.000696717, 0.000121069, 418, 7387, 2310
0.00127474, 0.000504438, 0.000764371, 0.000145987, 433, 7702, 2805
0.000925792, 0.000346579, 0.000576839, 0.000103262, 418, 7326, 2079
0.00115843, 0.000462895, 0.00069197, 0.000141239, 426, 7997, 2706
0.00101125, 0.000397616, 0.000608885, 0.000125811, 416, 7248, 2244
0.00124626, 0.000513933, 0.000728764, 0.000125808, 438, 7948, 2211
0.00114656, 0.000507998, 0.000633811, 0.00012344, 437, 7663, 2376
0.00111451, 0.000428476, 0.000682474, 0.000149556, 453, 8803, 2805
0.0015418, 0.000900867, 0.000634998, 0.000122256, 462, 8347, 2178
0.0013151, 0.000518681, 0.000792857, 0.000149552, 463, 9199, 2640
0.00223733, 0.00121065, 0.00102074, 0.000173288, 455, 8677, 2376
0.00134833, 0.000497316, 0.000847455, 0.000136498, 487, 10548, 2673
0.00121777, 0.000475952, 0.000737072, 0.00012225, 474, 9528, 2409
0.00242011, 0.00145397, 0.000963772, 0.000155484, 476, 10556, 2442
0.00132222, 0.000538858, 0.000779801, 0.000142427, 461, 9755, 2805
0.00149907, 0.000579213, 0.000916296, 0.000118693, 499, 11065, 2409
0.00119047, 0.000543605, 0.00064212, 8.4269e-05, 439, 9221, 1947
0.00199995, 0.00106466, 0.000931726, 0.000124622, 437, 10268, 1716
0.00143379, 0.000512746, 0.000917483, 0.000102074, 468, 9825, 1584
0.00131628, 0.000583961, 0.000728763, 0.000100887, 463, 10903, 2013
0.001505, 0.000706212, 0.000791669, 0.000117503, 445, 9642, 2145
0.00143141, 0.0006801, 0.000747754, 9.2579e-05, 442, 10590, 1782
0.00140768, 0.00066111, 0.000743006, 0.000103262, 395, 8598, 1650
0.00185396, 0.00107415, 0.000775053, 8.7828e-05, 431, 9823, 1287
0.00127949, 0.000582773, 0.000691969, 8.7827e-05, 389, 8861, 1584
0.00116436, 0.00054954, 0.000610072, 9.7325e-05, 402, 9052, 1551
0.00210795, 0.00117267, 0.000930538, 0.000103257, 394, 8414, 1287
0.00184446, 0.000955463, 0.000883062, 0.000129372, 394, 8392, 1617
0.000964958, 0.000383373, 0.000576839, 9.1393e-05, 391, 7657, 1815
0.000906801, 0.000399989, 0.000504438, 7.5964e-05, 389, 8178, 1518
0.000907987, 0.000389307, 0.000515119, 8.1898e-05, 395, 7697, 1551
0.000870006, 0.000408297, 0.000456961, 7.9522e-05, 404, 8297, 1584
0.00110858, 0.000523427, 0.0005804, 9.6142e-05, 410, 7832, 1683
0.00112875, 0.000544792, 0.000579212, 8.3081e-05, 404, 8652, 1452
0.0010516, 0.000452213, 0.000594643, 9.1393e-05, 398, 7849, 1782
0.00102786, 0.000480699, 0.000544792, 9.733e-05, 428, 8513, 1815
0.00167355, 0.00103736, 0.000632623, 0.000104448, 410, 8204, 1485
0.001124, 0.000542418, 0.000578026, 7.3589e-05, 427, 8478, 1386
0.00111926, 0.000525802, 0.000589895, 8.6645e-05, 412, 8010, 1584
0.00145634, 0.00084152, 0.000610073, 7.0028e-05, 434, 8749, 1221
0.0010433, 0.000506811, 0.000532923, 8.7831e-05, 449, 8675, 1782
0.00106466, 0.000531736, 0.000528176, 7.4776e-05, 440, 9276, 1584
0.00097208, 0.000464082, 0.000504438, 7.596e-05, 454, 8983, 1617
0.00100769, 0.000398802, 0.000605325, 7.8335e-05, 464, 9495, 1452
0.00109671, 0.000479512, 0.000613633, 7.9524e-05, 458, 9214, 1551
0.00140055, 0.000626688, 0.000771492, 9.4953e-05, 478, 10199, 1584
0.00101125, 0.000499689, 0.000507998, 7.3586e-05, 496, 10028, 1320
0.00662652, 0.000567343, 0.00052224, 0.000113941, 473, 9937, 2244
0.00153824, 0.000761996, 0.000772679, 9.0208e-05, 502, 10751, 1683
0.00138987, 0.00064924, 0.000737071, 9.3761e-05, 504, 11339, 1749
0.0012332, 0.000672978, 0.000556661, 7.2401e-05, 488, 10631, 1716
0.00150381, 0.000737071, 0.000763184, 8.0707e-05, 482, 11682, 1452
0.00150263, 0.000760809, 0.000738259, 6.6465e-05, 491, 11459, 1122
0.00145159, 0.000682473, 0.000765557, 6.6466e-05, 507, 12323, 1485
0.00126525, 0.000631436, 0.000630249, 6.0533e-05, 518, 12092, 1485
0.00152399, 0.000777426, 0.000741819, 7.7152e-05, 495, 12166, 1155
0.00135783, 0.0006801, 0.000674165, 5.2224e-05, 533, 13041, 1023
0.00133409, 0.000591081, 0.000739445, 7.003e-05, 502, 12976, 1287
0.00147889, 0.000744193, 0.00072995, 7.715e-05, 526, 12401, 1386
0.00204861, 0.00124151, 0.000803539, 6.7655e-05, 539, 13307, 1287
0.00137326, 0.000629063, 0.000740632, 7.4776e-05, 510, 12327, 1353
0.00646035, 0.00087594, 0.000824903, 9.6146e-05, 531, 12897, 1716
0.00165574, 0.000820155, 0.000832024, 6.7654e-05, 523, 11918, 1122
0.00166523, 0.000828463, 0.000833211, 7.3591e-05, 533, 13200, 1155
0.00152162, 0.00069909, 0.000817781, 8.4267e-05, 553, 13642, 1617
0.00129967, 0.000611259, 0.000684847, 5.5786e-05, 532, 13018, 1023
0.0014326, 0.000670604, 0.000759623, 5.9346e-05, 536, 12792, 1056
0.00152993, 0.000705025, 0.000820156, 7.2401e-05, 561, 14000, 1386
0.00149313, 0.000674165, 0.000816594, 8.3083e-05, 538, 12244, 1287
0.00169847, 0.00102549, 0.000669417, 6.6469e-05, 565, 14125, 1353
0.00224207, 0.00128305, 0.000953088, 7.5962e-05, 539, 12124, 924
0.00156791, 0.000770304, 0.000794043, 8.1898e-05, 539, 12680, 1386
0.00124388, 0.000575651, 0.000665856, 6.172e-05, 551, 12543, 1320
0.00602119, 0.000676539, 0.000642118, 0.000106821, 566, 13513, 1980
0.00148482, 0.000669417, 0.000810659, 5.1039e-05, 532, 11673, 891
0.00132934, 0.000621941, 0.000703837, 6.4092e-05, 540, 12953, 1320
0.00240112, 0.00137563, 0.00101955, 8.5458e-05, 520, 11754, 1155
0.00126524, 0.000677725, 0.000583959, 6.7652e-05, 551, 12757, 1386
0.00133527, 0.000697902, 0.00063381, 7.3585e-05, 541, 11959, 1386
0.00145396, 0.000707398, 0.000744192, 6.8842e-05, 542, 12333, 1089
0.00137563, 0.000605324, 0.000766744, 0.000100887, 534, 11538, 1815
0.00302306, 0.00175781, 0.00125812, 0.000112757, 562, 12876, 1254
0.0014504, 0.000701463, 0.000746566, 7.7146e-05, 525, 11461, 1518
0.00158334, 0.000803537, 0.000777426, 7.4774e-05, 547, 12515, 1353
0.00130798, 0.000630249, 0.000672978, 7.9523e-05, 518, 10825, 1485
0.00586808, 0.000562595, 0.000653987, 0.000135305, 537, 12454, 3003
0.00118454, 0.00056853, 0.000612446, 7.3589e-05, 516, 10599, 1386
0.0011513, 0.000582773, 0.000564969, 5.9346e-05, 504, 11274, 1254
0.00141717, 0.000639744, 0.000773865, 8.664e-05, 522, 10738, 1485
0.00160114, 0.000808286, 0.000788108, 9.7327e-05, 538, 12002, 1782
0.00115842, 0.000566156, 0.00058752, 8.3082e-05, 503, 10545, 1485
0.00239162, 0.00121421, 0.00117148, 0.000127, 510, 11698, 1419
0.00208659, 0.00135308, 0.000728763, 7.0025e-05, 483, 9775, 990
0.00117741, 0.00052224, 0.000650426, 5.3409e-05, 475, 11024, 924
0.00100175, 0.000464082, 0.000534109, 4.8664e-05, 450, 9300, 825
0.00129967, 0.000675351, 0.000620754, 5.5783e-05, 458, 10462, 858
0.00139224, 0.000719267, 0.00066823, 7.1213e-05, 451, 9555, 1155
0.0012605, 0.000597016, 0.000659921, 5.1038e-05, 466, 10561, 990
0.00130441, 0.000648052, 0.0006528, 4.3913e-05, 439, 9204, 759
0.00723302, 0.000651613, 0.000690781, 0.000182784, 458, 10616, 2838
0.00107771, 0.000477137, 0.000597015, 3.3233e-05, 428, 8838, 594
0.00143141, 0.000551912, 0.000877126, 4.9851e-05, 447, 10455, 858
0.00139462, 0.000600575, 0.000790482, 5.2222e-05, 437, 9206, 924
0.00120115, 0.000500875, 0.000696716, 4.3916e-05, 408, 9460, 858
0.00159521, 0.000974452, 0.000614819, 4.3918e-05, 422, 9021, 759
0.00145634, 0.000629062, 0.000822528, 3.9169e-05, 402, 9621, 726
0.00189905, 0.000938845, 0.000955462, 7.0028e-05, 402, 8654, 957
0.00112638, 0.000538857, 0.000582772, 4.9852e-05, 430, 10457, 858
0.00130323, 0.000462895, 0.000836771, 5.9344e-05, 394, 8696, 957
0.00143023, 0.000550726, 0.000874752, 4.0357e-05, 391, 9291, 825
0.00123082, 0.000502063, 0.000724014, 4.2729e-05, 401, 8842, 627
0.00219222, 0.00112994, 0.00105754, 7.2402e-05, 407, 9975, 990
0.00117741, 0.000459333, 0.000714519, 4.7475e-05, 386, 8458, 990
0.00134595, 0.000646865, 0.000695528, 6.1722e-05, 407, 9367, 1023
0.00607935, 0.000511558, 0.000664669, 0.000136496, 414, 9238, 3465
0.00135664, 0.000626688, 0.000726388, 5.1037e-05, 421, 9488, 1122
0.00184446, 0.000972078, 0.000867631, 6.2907e-05, 413, 8795, 792
0.00129611, 0.000497315, 0.000794042, 7.1215e-05, 419, 9646, 1188
0.00129017, 0.000559034, 0.000727575, 6.7655e-05, 424, 9458, 1254
0.00167592, 0.000823715, 0.000847453, 7.5959e-05, 437, 9919, 1221
0.00118928, 0.000385745, 0.000798789, 7.8338e-05, 404, 8340, 1551
0.00128898, 0.000557847, 0.000728762, 5.2223e-05, 420, 9580, 924
0.00110501, 0.000432035, 0.000669416, 6.8842e-05, 406, 8172, 1386
0.00117148, 0.000489006, 0.000678911, 7.3589e-05, 419, 9036, 1320
0.00185276, 0.000924601, 0.000923415, 9.8513e-05, 417, 8512, 1320
0.00117267, 0.000531735, 0.000636182, 7.5965e-05, 418, 8172, 1386
0.00105516, 0.000518679, 0.000531734, 5.1037e-05, 409, 8344, 1089
0.0019406, 0.00101362, 0.000919854, 9.1394e-05, 411, 8600, 1221
0.000922228, 0.000414231, 0.000503249, 4.9848e-05, 405, 8086, 924
0.00114418, 0.000513932, 0.000626687, 4.5101e-05, 422, 9177, 957
0.000934097, 0.00041067, 0.000519866, 4.8662e-05, 400, 8112, 990
0.00519391, 0.000528174, 0.000555473, 0.000112759, 407, 8352, 2178
0.00138038, 0.00054123, 0.000835584, 6.2909e-05, 410, 8663, 1188
0.00105516, 0.000439156, 0.000612445, 5.6972e-05, 402, 8397, 1056
0.0010065, 0.000424913, 0.000578025, 5.2226e-05, 399, 8420, 990
0.00105397, 0.00054123, 0.000509184, 4.273e-05, 400, 8171, 891
0.000953087, 0.000408297, 0.000542417, 6.0533e-05, 373, 7850, 1155
0.00182428, 0.000837957, 0.00098276, 7.3589e-05, 388, 8118, 891
0.00103617, 0.00042966, 0.00060295, 5.4598e-05, 378, 7576, 891
0.000993442, 0.00047239, 0.000517492, 5.4597e-05, 375, 7879, 1023
0.00117148, 0.000585146, 0.000582772, 3.6795e-05, 395, 8091, 726
0.000976825, 0.00040711, 0.000566155, 4.8663e-05, 392, 8032, 924
0.000822528, 0.000389306, 0.000430848, 4.273e-05, 374, 7180, 1023
0.000995816, 0.000411857, 0.000580398, 2.1364e-05, 369, 7672, 462
0.00500875, 0.000512745, 0.000913919, 0.000137681, 389, 8323, 1815
0.00213999, 0.00100531, 0.00112875, 5.6971e-05, 399, 8316, 858
0.00115486, 0.000494941, 0.000655173, 2.7299e-05, 367, 7883, 561
0.00116792, 0.00050681, 0.00065636, 3.3232e-05, 369, 7300, 594
0.00129966, 0.000559034, 0.000735882, 5.6969e-05, 378, 7687, 1023
0.00181003, 0.000944779, 0.000860508, 6.7655e-05, 383, 7570, 957
0.000942404, 0.000426099, 0.000512744, 4.5104e-05, 357, 6951, 891
0.000887807, 0.000372689, 0.000510371, 4.9849e-05, 376, 7294, 924
0.00194178, 0.00110857, 0.000828461, 4.985e-05, 372, 7710, 561
0.00126643, 0.000547164, 0.000714518, 3.9169e-05, 360, 7166, 759
0.00196552, 0.000872377, 0.00108958, 5.5786e-05, 362, 7342, 693
0.00132934, 0.000543604, 0.000782172, 4.5103e-05, 358, 7032, 792
0.0110276, 0.00044153, 0.000846265, 0.00197266, 369, 7461, 56166
0.00114893, 0.000404735, 0.000740631, 2.9674e-05, 366, 7543, 693
0.00120946, 0.000537669, 0.000668229, 3.4419e-05, 354, 6790, 726
0.00121064, 0.000503249, 0.000703837, 3.5606e-05, 366, 7488, 627
0.00151093, 0.000792854, 0.000710957, 4.0352e-05, 375, 7098, 594
0.00110145, 0.000489006, 0.000607697, 4.3915e-05, 358, 6944, 825
0.00206403, 0.000991068, 0.00106703, 5.9344e-05, 348, 6962, 759
0.000941217, 0.000426099, 0.000511558, 2.4924e-05, 354, 6918, 528
0.00120827, 0.000569715, 0.000633809, 3.917e-05, 361, 7354, 759
0.0011062, 0.000472389, 0.000629061, 2.255e-05, 351, 7000, 495
0.00104923, 0.000560221, 0.000484258, 2.8487e-05, 344, 6800, 561
0.000974451, 0.00039524, 0.000574463, 2.8485e-05, 351, 7095, 627
0.00937776, 0.000383371, 0.000536482, 0.000370315, 370, 7119, 9240
0.00106466, 0.0004261, 0.000634995, 2.3736e-05, 367, 7254, 462
0.00122251, 0.000423726, 0.000794041, 4.273e-05, 346, 6543, 726
0.00118691, 0.000394053, 0.000788106, 4.1539e-05, 341, 6410, 594
0.00118453, 0.000410669, 0.000770303, 4.2726e-05, 364, 6836, 792
0.00139105, 0.000581585, 0.000804723, 4.5104e-05, 361, 7033, 693
0.000900862, 0.000353698, 0.000543603, 3.5605e-05, 347, 6309, 627
0.000801162, 0.000338268, 0.000458146, 2.6113e-05, 343, 6614, 462
0.00124863, 0.000557847, 0.000686032, 4.8664e-05, 357, 6481, 957
0.000943591, 0.000432034, 0.000506809, 3.2047e-05, 350, 6631, 627
0.00093647, 0.00036438, 0.000568529, 4.8663e-05, 344, 6195, 891
0.00106822, 0.000481884, 0.000581584, 3.3235e-05, 341, 6505, 561
0.0113789, 0.0003988, 0.00108008, 0.000363198, 361, 7069, 9570
0.00118453, 0.000447464, 0.000732322, 3.2048e-05, 350, 6581, 561
0.00202012, 0.00084033, 0.00117385, 5.3412e-05, 361, 6593, 726
0.000972077, 0.000386932, 0.000581584, 1.7804e-05, 361, 7189, 363
0.000814218, 0.000356072, 0.000454585, 1.187e-05, 350, 6258, 198
0.000954273, 0.000428473, 0.000521052, 2.6111e-05, 362, 6738, 561
0.000811844, 0.000326399, 0.000483071, 3.086e-05, 357, 5861, 594
0.000918666, 0.000428474, 0.000485445, 2.9673e-05, 344, 6208, 594
0.0011691, 0.000407109, 0.00075962, 3.086e-05, 360, 6439, 627
0.00105659, 0.000493868, 0.000557975, 2.2557e-05, 341, 6536, 396
0.000858331, 0.00035378, 0.000502177, 2.7308e-05, 355, 6149, 462
0.000865455, 0.000369214, 0.00049268, 2.8492e-05, 344, 6467, 495
0.000990109, 0.000472498, 0.000512862, 1.6623e-05, 337, 5701, 264
0.0011302, 0.000498616, 0.000629206, 3.3243e-05, 343, 6254, 528
0.0106621, 0.000384647, 0.00101741, 0.000322907, 371, 7356, 8316
0.00128097, 0.000480808, 0.000795411, 1.7807e-05, 343, 7036, 297
0.00114654, 0.000543535, 0.000600623, 3.0924e-05, 342, 6151, 528
0.00235016, 0.000963376, 0.00137965, 3.0925e-05, 340, 7257, 363
0.000988353, 0.000444818, 0.00053402, 2.1406e-05, 341, 6283, 363
0.00106447, 0.000431736, 0.000629168, 2.6167e-05, 356, 7406, 429
0.00109421, 0.000377025, 0.000713612, 2.7357e-05, 335, 6653, 396
0.00100381, 0.000432925, 0.000567321, 1.9028e-05, 345, 6752, 396
0.000997868, 0.000430546, 0.000562565, 2.1408e-05, 371, 7613, 396
0.000956241, 0.000474552, 0.00047693, 1.3082e-05, 331, 6909, 297
0.00102998, 0.000417463, 0.000607759, 1.4271e-05, 356, 7014, 231
0.00129045, 0.000490013, 0.000795677, 2.9733e-05, 349, 8142, 495
0.00101809, 0.000493582, 0.000520937, 3.2114e-05, 340, 6704, 594
0.0112644, 0.000469795, 0.00111799, 0.000346105, 365, 8618, 8712
0.00171624, 0.000481689, 0.00123098, 3.806e-05, 363, 8829, 660
0.00162466, 0.000593488, 0.0010276, 4.9956e-05, 358, 8332, 825
0.0016425, 0.00060776, 0.00103117, 2.2598e-05, 375, 9182, 429
0.00246196, 0.00116913, 0.00128926, 6.4227e-05, 364, 8527, 792
0.0015081, 0.000511422, 0.000993111, 2.4972e-05, 381, 9231, 462
0.00195768, 0.00106685, 0.000884879, 4.8762e-05, 361, 9045, 726
0.00175311, 0.0008825, 0.00086466, 3.5679e-05, 360, 8036, 462
0.00188988, 0.000905098, 0.000980027, 4.8764e-05, 369, 8614, 627
0.0020112, 0.00101928, 0.000988352, 4.0439e-05, 362, 8119, 495
0.00121314, 0.000568511, 0.000641062, 2.3788e-05, 375, 8392, 462
0.00121909, 0.000556617, 0.000658902, 3.5681e-05, 384, 9636, 627
0.00152585, 0.000644592, 0.000877693, 4.4002e-05, 358, 8421, 627
0.00277341, 0.000921696, 0.00184696, 7.4926e-05, 406, 10446, 924
0.00261048, 0.000662432, 0.00194448, 4.9949e-05, 391, 11169, 891
0.00299581, 0.000743303, 0.00224894, 2.8544e-05, 347, 10178, 462
0.0134603, 0.000583939, 0.00356072, 0.000369871, 354, 11678, 8976
0.00528518, 0.00146639, 0.00381404, 0.000162934, 352, 11166, 2178
0.00338114, 0.000707624, 0.00266994, 0.000122495, 372, 11995, 2211
0.0042624, 0.000925264, 0.00333476, 0.000135576, 389, 12778, 2541
0.00309571, 0.000809903, 0.00228343, 0.00011299, 392, 12891, 2112
0.00305884, 0.000745682, 0.00230959, 6.8974e-05, 404, 13333, 1254
0.00252961, 0.000843203, 0.00168165, 5.3522e-05, 373, 10426, 924
0.00212763, 0.000920507, 0.00120237, 7.2548e-05, 334, 7268, 924
0.00144379, 0.000638646, 0.000801578, 7.0172e-05, 342, 7107, 1518
0.00106679, 0.000398411, 0.000663621, 8.9198e-05, 354, 7162, 1617
0.0018422, 0.000843203, 0.000994242, 0.000165317, 370, 7252, 2145
0.00105371, 0.000489986, 0.000560153, 6.7788e-05, 356, 6708, 1254
0.000989485, 0.000412682, 0.000573236, 7.7302e-05, 378, 7401, 1584
0.000985917, 0.000440035, 0.000543503, 6.5415e-05, 370, 6954, 1419
0.000916939, 0.000379382, 0.000535178, 8.0872e-05, 383, 7356, 1551
0.000956185, 0.00048285, 0.000468578, 5.1138e-05, 363, 6851, 792
0.000784928, 0.000374624, 0.000406735, 5.9466e-05, 368, 6849, 1254
0.000738546, 0.000341324, 0.000393653, 5.7087e-05, 352, 6455, 1122
0.000918128, 0.000428142, 0.000486417, 6.5412e-05, 371, 6983, 1353
0.000888396, 0.00043171, 0.000453118, 5.2329e-05, 327, 6015, 792
0.000909803, 0.000462631, 0.000443603, 4.9954e-05, 341, 6663, 759
0.000900289, 0.000394843, 0.000501878, 4.4003e-05, 311, 5398, 693
0.000891914, 0.000373415, 0.000514932, 3.6867e-05, 300, 5490, 627
0.000695692, 0.000361522, 0.000330603, 2.973e-05, 303, 5552, 561
0.00255563, 0.000894292, 0.00165658, 2.8541e-05, 332, 7759, 396
0.00164707, 0.000617204, 0.0010263, 3.8054e-05, 349, 8421, 660
0.00278515, 0.00126771, 0.00151269, 5.9464e-05, 369, 9534, 693
0.00177312, 0.000667152, 0.00110241, 1.9031e-05, 373, 10377, 363
0.00140922, 0.000673098, 0.000732558, 2.0219e-05, 354, 9637, 363
0.00232254, 0.000636231, 0.00168274, 3.9242e-05, 384, 12216, 726
0.0020847, 0.000902617, 0.00117971, 5.2324e-05, 390, 12667, 858
0.00166491, 0.000686179, 0.000976348, 6.6601e-05, 391, 12393, 1089
0.00370323, 0.00178026, 0.00191583, 0.000177191, 388, 12854, 2409
0.00295997, 0.00166015, 0.00129506, 0.000149842, 360, 11455, 1980
0.00340473, 0.00179215, 0.00160663, 0.000228328, 396, 12876, 2409
0.00309078, 0.0015555, 0.00153053, 0.000221199, 399, 12839, 3036
0.00229995, 0.000891914, 0.00140328, 0.000145087, 388, 11954, 2277
0.00182783, 0.000765856, 0.0010584, 0.000124873, 377, 11499, 2574
0.00193129, 0.000793209, 0.00113452, 0.000152218, 387, 12432, 2838
0.00178264, 0.0007611, 0.00101797, 9.5137e-05, 358, 11137, 1617
0.00163755, 0.00066953, 0.000964456, 0.000124872, 400, 13047, 2607
0.00168274, 0.000758722, 0.000920455, 0.000107034, 381, 11955, 1914
0.00178621, 0.000765856, 0.00101678, 0.000127253, 375, 12135, 2343
0.00198956, 0.000914509, 0.00107149, 0.000124871, 383, 12492, 2145
0.00152815, 0.000719477, 0.000805101, 0.000115357, 370, 12227, 2277
0.00198243, 0.0012356, 0.000742072, 0.000116551, 388, 12452, 2079
0.00291478, 0.00151031, 0.00139971, 0.000146273, 388, 12404, 1749
0.00160179, 0.000715871, 0.000882353, 5.827e-05, 358, 11926, 1122
0.00159228, 0.000808625, 0.000780085, 4.6375e-05, 380, 12572, 825
0.00161606, 0.000662359, 0.000950134, 4.6376e-05, 376, 12429, 660
0.00193594, 0.00129023, 0.000642143, 2.0216e-05, 360, 10665, 330
0.00164103, 0.000883541, 0.000752734, 2.2593e-05, 396, 12469, 429
0.00173617, 0.000925162, 0.000806247, 2.4971e-05, 391, 12273, 363
0.00171, 0.000922784, 0.000782464, 3.3296e-05, 354, 10522, 594
0.00154947, 0.000756302, 0.000789599, 3.2106e-05, 398, 13449, 594
0.00177184, 0.000935864, 0.000831219, 3.33e-05, 376, 12176, 594
0.00226891, 0.00136753, 0.000896623, 3.9243e-05, 383, 12477, 495
0.00141509, 0.000726574, 0.000684953, 3.2107e-05, 383, 12761, 594
0.00131045, 0.000582686, 0.000723006, 3.6862e-05, 372, 11432, 660
0.00148644, 0.000703979, 0.000777707, 6.8973e-05, 405, 13082, 1287
0.00144482, 0.000695655, 0.000744411, 5.3508e-05, 387, 12296, 957
0.00151379, 0.000655224, 0.000855002, 4.8754e-05, 403, 12590, 924
0.00178968, 0.000755113, 0.00102981, 6.184e-05, 407, 12716, 1023
0.00257928, 0.00125218, 0.00132234, 6.3028e-05, 398, 12456, 792
0.00197043, 0.000882353, 0.00108451, 6.7784e-05, 407, 13004, 1320
0.00175519, 0.000877596, 0.000872839, 4.7566e-05, 405, 12434, 825
0.00169454, 0.000759869, 0.000931107, 3.8055e-05, 390, 12069, 726
0.00160774, 0.000726573, 0.000877596, 4.3999e-05, 401, 12599, 924
0.00151617, 0.00066117, 0.000851435, 5.4699e-05, 376, 10952, 792
0.00235215, 0.00135207, 0.000995322, 5.2322e-05, 399, 11922, 660
0.0133613, 0.000707547, 0.00152568, 0.000600522, 392, 13031, 14157
0.00254228, 0.000920357, 0.00161835, 5.5891e-05, 366, 11428, 957
0.0024638, 0.000898953, 0.00156128, 5.5884e-05, 390, 12200, 924
0.00165165, 0.00066827, 0.000979812, 4.5186e-05, 376, 11558, 924
0.00222836, 0.000849012, 0.00137459, 4.8751e-05, 367, 11751, 825
0.00248045, 0.00102738, 0.00144713, 7.1347e-05, 376, 11769, 1254
0.00263622, 0.00141383, 0.00121525, 9.5128e-05, 340, 10199, 1221
0.00200005, 0.000876361, 0.00112012, 4.8754e-05, 383, 12094, 858
0.00206426, 0.000946517, 0.00111299, 5.9456e-05, 392, 12325, 990
0.001308, 0.000566007, 0.000738426, 4.5183e-05, 339, 10310, 660
0.00171348, 0.000674215, 0.0010357, 4.7562e-05, 366, 11787, 726
0.00194773, 0.000800259, 0.00114391, 3.2105e-05, 359, 11484, 528
0.0013627, 0.000573142, 0.00078599, 3.0919e-05, 331, 10645, 528
0.00288474, 0.00131514, 0.00156485, 4.6376e-05, 361, 12083, 693
0.00191206, 0.0010571, 0.0008502, 2.735e-05, 320, 9943, 429
0.00168376, 0.000796691, 0.000882307, 2.9728e-05, 381, 12745, 462
0.00343766, 0.00164689, 0.00178602, 7.016e-05, 393, 13338, 924
0.00157079, 0.000731292, 0.000835931, 2.2593e-05, 341, 10370, 396
0.0117411, 0.000900143, 0.00174083, 0.000706322, 389, 13071, 12276
0.00224263, 0.000713455, 0.0015256, 3.6862e-05, 372, 12211, 693
0.00292517, 0.0014174, 0.00150301, 4.5185e-05, 344, 10735, 594
0.00387644, 0.00156009, 0.00231041, 8.3236e-05, 399, 14417, 1023
0.00195725, 0.000829986, 0.00112369, 3.8053e-05, 333, 9931, 759
0.00275156, 0.00110467, 0.00163976, 6.0646e-05, 434, 15638, 1056
0.0025946, 0.00105235, 0.00153868, 5.1131e-05, 405, 14764, 825
0.00290257, 0.00113558, 0.00176342, 7.1345e-05, 376, 12392, 1023
0.00190374, 0.000770532, 0.00112964, 4.7563e-05, 391, 13512, 891
0.00196547, 0.000826377, 0.00113434, 3.3293e-05, 362, 12331, 627
0.00347792, 0.00158379, 0.00189175, 6.183e-05, 375, 12642, 792
0.00229007, 0.000971439, 0.00131507, 4.3994e-05, 413, 15256, 660
0.00190364, 0.000699151, 0.00119735, 3.805e-05, 363, 12563, 726
0.00995338, 0.00092031, 0.0019191, 0.00039714, 433, 17057, 9834
0.00247794, 0.00101543, 0.00145775, 6.0639e-05, 391, 15066, 1122
0.00241492, 0.000765737, 0.00164443, 7.8477e-05, 391, 13712, 1287
0.00215215, 0.000711041, 0.00143635, 6.7775e-05, 403, 15321, 1155
0.00187986, 0.000677748, 0.00119854, 2.9727e-05, 375, 13083, 462
0.00227818, 0.000815676, 0.00145894, 4.6373e-05, 392, 14164, 924
0.00335188, 0.00165394, 0.00169318, 4.756e-05, 413, 15580, 792
0.00190602, 0.000677748, 0.0012247, 5.3505e-05, 355, 12239, 792
0.00440536, 0.00190721, 0.00249578, 0.000117717, 443, 16237, 1485
0.00239828, 0.000825188, 0.00157071, 3.567e-05, 397, 13982, 594
0.00293334, 0.00162897, 0.0013008, 6.6586e-05, 400, 13704, 1188
0.00265154, 0.000843024, 0.00180495, 7.1341e-05, 411, 15364, 1221
0.011756, 0.000873938, 0.00184062, 0.000505345, 367, 13221, 11220
0.00243633, 0.000651589, 0.00178117, 5.8262e-05, 365, 13133, 858
0.00335426, 0.00124967, 0.00209983, 2.4969e-05, 364, 13256, 462
0.00188462, 0.000627809, 0.00125324, 3.8049e-05, 325, 10460, 594
0.00337566, 0.000812108, 0.0025588, 3.2105e-05, 377, 13576, 561
0.00261706, 0.000565979, 0.0020487, 1.0702e-05, 305, 9715, 198
0.00267889, 0.000648023, 0.00202849, 3.0914e-05, 346, 12403, 462
0.003881, 0.00150056, 0.00237569, 6.0641e-05, 329, 11656, 693
0.00209507, 0.00050415, 0.00158736, 9.512e-06, 299, 9021, 198
0.00331145, 0.00106062, 0.00224608, 2.7348e-05, 304, 9841, 396
0.00236011, 0.000517203, 0.00183815, 3.6858e-05, 288, 8937, 561
0.00242551, 0.000985658, 0.00143509, 3.3291e-05, 274, 8118, 429
0.00285354, 0.000588542, 0.00226143, 2.8535e-05, 297, 8852, 528
0.00310798, 0.000883407, 0.00221981, 2.14e-05, 271, 8413, 297
0.00148741, 0.000485101, 0.000997548, 2.0213e-05, 261, 6936, 363
0.00133522, 0.000430408, 0.000901242, 8.323e-06, 270, 7146, 198
0.00739185, 0.000350747, 0.00139823, 0.000343615, 260, 6812, 9108
0.00116757, 0.000372149, 0.000790668, 1.3079e-05, 248, 5522, 231
0.00142439, 0.000356692, 0.00106413, 1.6645e-05, 255, 6191, 297
0.000558817, 0.000234227, 0.000321023, 2.6158e-05, 218, 4453, 561
0.00140418, 0.000353125, 0.00104511, 2.9725e-05, 261, 6515, 528
0.00181556, 0.000675337, 0.00113428, 4.8748e-05, 225, 5821, 594
0.000936911, 0.000448243, 0.000485101, 4.0425e-05, 232, 4074, 561
0.000663447, 0.000200937, 0.000458943, 4.5182e-05, 220, 4041, 891
0.000623022, 0.000260385, 0.00035907, 4.0425e-05, 236, 4435, 792
0.00059092, 0.000258007, 0.000329346, 3.8044e-05, 218, 4430, 759
0.000823958, 0.000325779, 0.000494613, 3.8047e-05, 234, 4522, 693
0.000593297, 0.000238983, 0.000351936, 4.5181e-05, 216, 3901, 759
0.00103084, 0.000362636, 0.000663447, 5.1125e-05, 233, 5456, 792
0.00132214, 0.000482723, 0.00083347, 6.0637e-05, 204, 4497, 858
0.000954746, 0.00035907, 0.00059092, 6.5394e-05, 229, 5139, 1122
0.00334323, 0.0004613, 0.00287837, 5.3499e-05, 256, 8485, 957
0.00775768, 0.000794196, 0.00695992, 2.4969e-05, 291, 11836, 429
0.00679585, 0.000952322, 0.00583877, 2.9721e-05, 303, 12156, 561
0.010818, 0.00131613, 0.00949707, 4.3989e-05, 402, 18829, 363
0.0079384, 0.00107597, 0.00685886, 7.134e-06, 358, 17097, 132
0.00624538, 0.00213767, 0.00410057, 2.4968e-05, 376, 18436, 363
0.00537509, 0.00106289, 0.00430745, 2.1401e-05, 394, 21966, 363
0.00420758, 0.00107359, 0.00312923, 2.8534e-05, 396, 19425, 462
0.0045476, 0.00119724, 0.00334561, 5.3501e-05, 419, 21980, 924
0.00450361, 0.00115563, 0.00334442, 6.5391e-05, 445, 22749, 1089
0.00346212, 0.00117346, 0.00228391, 5.9445e-05, 421, 21777, 1122
0.0050957, 0.00132089, 0.00377124, 9.6304e-05, 487, 25081, 1815
0.00395672, 0.001309, 0.00264296, 7.8468e-05, 429, 23478, 1353
0.00324099, 0.00137201, 0.00186541, 0.000152181, 467, 22845, 2607
0.00396623, 0.00145404, 0.0025098, 0.000150989, 460, 24938, 2574
0.00284151, 0.00109499, 0.00174414, 5.4689e-05, 405, 19754, 1056
0.00295208, 0.00119962, 0.00174771, 6.1824e-05, 428, 22717, 1188
0.00471762, 0.00225894, 0.00245274, 8.2037e-05, 408, 20749, 1056
0.00243252, 0.00109261, 0.00133634, 2.7346e-05, 384, 19006, 528
0.00328498, 0.00134704, 0.00193556, 3.329e-05, 408, 20254, 495
0.00301866, 0.00123885, 0.00177624, 5.469e-05, 350, 17350, 924
0.00409938, 0.00213054, 0.0019629, 4.8748e-05, 388, 17957, 594
0.00240161, 0.000990367, 0.00140649, 4.399e-05, 349, 16677, 792
0.00262869, 0.00154797, 0.00107597, 3.5666e-05, 331, 14124, 627
0.003197, 0.00165141, 0.00154203, 6.5391e-05, 343, 15303, 792
0.00351919, 0.00177386, 0.00174295, 5.231e-05, 331, 13928, 561
0.00184036, 0.000754927, 0.00108067, 3.6856e-05, 322, 13365, 660
0.00268445, 0.00116746, 0.00151342, 5.9445e-05, 348, 15470, 891
0.00225408, 0.000910668, 0.00133985, 3.3291e-05, 310, 12548, 561
0.00300544, 0.00167748, 0.0013232, 2.6154e-05, 367, 15461, 396
0.00192358, 0.000910668, 0.000999832, 2.8532e-05, 351, 15339, 495
0.00298285, 0.00157286, 0.00140523, 2.021e-05, 309, 12591, 231
0.00275935, 0.00119837, 0.00155622, 1.5455e-05, 323, 12529, 231
0.0020603, 0.000922557, 0.00113417, 2.259e-05, 308, 12663, 396
0.00150748, 0.000801292, 0.000702617, 1.3078e-05, 300, 10879, 264
0.00234919, 0.00108662, 0.00125901, 3.0909e-05, 333, 13375, 561
0.00102955, 0.000443445, 0.000583731, 1.3079e-05, 246, 7142, 198
0.0015693, 0.000727584, 0.000838147, 2.2587e-05, 344, 12763, 396
0.00257864, 0.0013446, 0.00122809, 1.3078e-05, 277, 10120, 198
0.00106403, 0.000507644, 0.00055282, 1.7833e-05, 280, 9520, 363
0.00115557, 0.000576598, 0.000575409, 1.1888e-05, 280, 9837, 198
0.00112229, 0.000455334, 0.000662196, 2.1399e-05, 265, 8881, 396
0.00122096, 0.000641985, 0.000575409, 1.7833e-05, 279, 9380, 297
0.001857, 0.00104263, 0.000811993, 2.0209e-05, 284, 9663, 264
.00136488, 0.000897632, 1.189e-05, 384, 17694, 198
0.00196994, 0.00109851, 0.00086668, 5.943e-06, 412, 18783, 66
0.00271893, 0.00124355, 0.00147062, 2.378e-06, 441, 21210, 33
0.00231234, 0.00113893, 0.00116865, 1.4267e-05, 369, 16996, 198
0.00274627, 0.0015158, 0.0012269, 8.321e-06, 425, 20807, 132
0.00219345, 0.00108424, 0.00110564, 1.3078e-05, 387, 17556, 198
0.00261787, 0.00130299, 0.00131131, 3.567e-06, 384, 18484, 33
0.00278669, 0.00142188, 0.00136125, 2.0211e-05, 423, 21148, 297
0.00265235, 0.00131013, 0.00133866, 1.3078e-05, 374, 17454, 165
0.0022624, 0.00125068, 0.00100815, 9.511e-06, 416, 19586, 165
0.00226835, 0.00121858, 0.00104501, 9.51e-06, 427, 19283, 165
0.00260717, 0.00113774, 0.00146349, 5.945e-06, 379, 17160, 66
0.00190337, 0.000995077, 0.000904723, 8.322e-06, 378, 16940, 132
0.00247997, 0.00122215, 0.00125306, 2.378e-06, 350, 14175, 33
0.00284613, 0.00161447, 0.00122572, 1.9021e-05, 343, 12730, 198
0.00186176, 0.000915423, 0.000943957, 1.4266e-05, 352, 14726, 198
0.00243241, 0.0013874, 0.00103907, 1.3076e-05, 308, 9831, 165
0.0024015, 0.00136481, 0.00103193, 7.133e-06, 343, 13299, 132
0.00189742, 0.00105809, 0.000836958, 1.6645e-05, 329, 12272, 264
