TIME_STAMPE,EPX_TRAJ_FRONTEND,EXP_TRAJ_OPT,GENERATE_EXP_TRAJ,BACK_TRAJ_FRONTEND,BACK_TRAJ_OPT,GENERATE_BACK_TRAJ,TOTAL_REPLAN,VISUALIZATION
9.101, 0.000674173, 0.000254002, 0.000950727, 0, 0, 1.187e-06, 0.00100176, 1.1869e-05
9.2, 0.000930549, 0.000249254, 0.00120117, 0, 0, 0, 0.00124865, 5.935e-06
9.3, 0.000797613, 0.000216021, 0.00103262, 0, 0, 1.187e-06, 0.00107891, 7.121e-06
9.403, 0.00207712, 0.000446283, 0.00256257, 0, 0, 2.374e-06, 0.00265752, 1.3057e-05
9.501, 0.000824912, 0.000194655, 0.00103974, 0, 0, 1.187e-06, 0.00109434, 5.935e-06
9.601, 0.000778622, 0.000187534, 0.000985147, 0, 0, 0, 0.00103262, 7.122e-06
9.702, 0.00108485, 0.000179225, 0.00128663, 0, 0, 1.187e-06, 0.00134241, 7.122e-06
9.803, 0.00210916, 0.000483078, 0.00263141, 0, 0, 2.374e-06, 0.00291983, 8.308e-06
9.901, 0.000856959, 0.000163796, 0.00103856, 0, 0, 0, 0.00110265, 7.12e-06
10.001, 0.00069079, 0.000116318, 0.000823726, 0, 0, 1.187e-06, 0.000867641, 5.935e-06
10.101, 0.000733519, 0.000284861, 0.001035, 0, 0, 1.187e-06, 0.00107179, 8.309e-06
10.201, 0.000758443, 0.000210086, 0.00099108, 0, 0, 1.187e-06, 0.00104331, 7.122e-06
10.3, 0, 0, 5.6972e-05, 0, 0, 0, 9.8514e-05, 3.561e-06
10.4, 0, 0, 7.0028e-05, 0, 0, 1.187e-06, 0.000113945, 3.561e-06
10.5, 0, 0, 6.8842e-05, 0, 0, 1.187e-06, 0.000105636, 3.561e-06
10.603, 0.00289372, 0.000236198, 0.00314891, 0, 0, 1.187e-06, 0.0032225, 7.121e-06
10.702, 0.00171866, 0.000161422, 0.00189789, 0, 0, 1.187e-06, 0.00195842, 7.121e-06
10.802, 0.00230026, 0.000257562, 0.002578, 0, 0, 1.187e-06, 0.00265752, 7.121e-06
10.903, 0.00270737, 0.000217207, 0.00294713, 0, 0, 1.187e-06, 0.0030492, 5.935e-06
11.003, 0.00245337, 0.000258749, 0.00273586, 0, 0, 1.187e-06, 0.0028225, 7.122e-06
11.101, 0.00194536, 0.00023501, 0.00220174, 0, 0, 1.187e-06, 0.0022599, 7.122e-06
11.202, 0.00202133, 0.00025044, 0.00229313, 0, 0, 1.187e-06, 0.00236316, 5.935e-06
11.302, 0.00241064, 0.000282487, 0.00271805, 0, 0, 1.186e-06, 0.00278808, 7.122e-06
11.403, 0.00228838, 0.000230262, 0.00254001, 0, 0, 1.187e-06, 0.00260885, 7.122e-06
11.502, 0.00211747, 0.000245693, 0.00238334, 0, 0, 1.187e-06, 0.00245811, 7.121e-06
11.603, 0.0026231, 0.000286048, 0.00293288, 0, 0, 1.187e-06, 0.00301003, 5.935e-06
11.703, 0.00278096, 0.000262309, 0.00306582, 0, 0, 1.187e-06, 0.00313941, 8.309e-06
11.802, 0.0021234, 0.000254001, 0.00239877, 0, 0, 1.186e-06, 0.00246167, 5.935e-06
11.905, 0.00480941, 0.000195842, 0.00503017, 0, 0, 1.187e-06, 0.00509664, 7.122e-06
12.003, 0.00265277, 0.000237385, 0.00291389, 0, 0, 1.187e-06, 0.00298867, 7.121e-06
12.102, 0.00224447, 0.000340646, 0.00260885, 0, 0, 1.187e-06, 0.00267294, 5.935e-06
12.202, 0.00206405, 0.000168542, 0.0022504, 0, 0, 1.187e-06, 0.00230144, 4.748e-06
12.303, 0.00258511, 0.000160235, 0.00276434, 0, 0, 1.187e-06, 0.00283199, 5.934e-06
12.402, 0.00196079, 0.000183973, 0.00216613, 0, 0, 1.187e-06, 0.00222666, 7.122e-06
12.504, 0.00373999, 0.000211271, 0.00397262, 0, 0, 0, 0.00403553, 7.122e-06
12.602, 0.00236791, 0.000197029, 0.0025863, 0, 0, 1.187e-06, 0.00265277, 7.122e-06
12.702, 0.0018872, 0.000193468, 0.00210204, 0, 0, 1.187e-06, 0.0021602, 7.122e-06
12.802, 0.00143261, 0.0001543, 0.00160709, 0, 0, 1.187e-06, 0.00166644, 5.935e-06
12.903, 0.00237977, 0.000947161, 0.00334711, 0, 0, 1.187e-06, 0.00341002, 5.934e-06
13.002, 0.0014516, 0.00024688, 0.00172103, 0, 0, 1.187e-06, 0.00177801, 8.309e-06
13.102, 0.00167356, 0.000205337, 0.00189907, 0, 0, 1.187e-06, 0.00195248, 7.122e-06
13.202, 0.00162845, 0.000166169, 0.00182073, 0, 0, 1.187e-06, 0.00188364, 7.122e-06
13.301, 0.00144329, 0.000163795, 0.00162964, 0, 0, 1.187e-06, 0.00168424, 7.121e-06
13.401, 0.00115131, 0.000143617, 0.00131273, 0, 0, 1.187e-06, 0.00137089, 7.122e-06
13.501, 0.00100651, 0.000118692, 0.00114419, 0, 0, 0, 0.00119048, 8.308e-06
13.601, 0.000900872, 0.000136495, 0.00105517, 0, 0, 1.187e-06, 0.00110384, 7.122e-06
13.7, 0.00093648, 0.00012344, 0.00107772, 0, 0, 1.187e-06, 0.00112639, 5.934e-06
13.801, 0.00097446, 0.000148365, 0.00114538, 0, 0, 1.187e-06, 0.00119285, 7.122e-06
13.901, 0.00129849, 0.000224328, 0.00154774, 0, 0, 1.187e-06, 0.0016059, 8.3013.9, 14.002, 0.00109315, 0.000197029, 0.00131036, 0, 0, 1.187e-14.004, 0.0035109, 0.0008114.108, 0.00822772, 7.715e-05, 0.00836777, 0, 0, 14.108, 0.00471681, 0.0014.201, 0, 0, 0, 0, 0, 0, 4.748e-06, 0
14.3, 0, 0, 0, 0, 0, 0, 3.561e-06, 0
14.403, 0.00369488, 7.5963e-05, 0.00381832, 0, 0, 0, 0.00388241, 3.561e-06
14.5, 0, 0, 0, 0, 0, 0, 3.56e-06, 0
14.601, 0, 0, 0, 0, 0, 0, 4.747e-06, 0
14.7, 0, 0, 0, 0, 0, 0, 4.748e-06, 0
14.8, 0, 0, 0, 0, 0, 0, 5.934e-06, 0
14.9, 0, 0, 0, 0, 0, 0, 4.747e-06, 0
15.004, 0.00607583, 0.000597019, 0.00669065, 0, 0, 1.187e-06, 0.00678561, 7.122e-06
15.105, 0.00413047, 0.000633814, 0.00479159, 0, 0, 1.187e-06, 0.00487704, 5.935e-06
15.207, 0.00585981, 0.000671795, 0.00655891, 0, 0, 1.186e-06, 0.00668947, 1.1869e-05
15.308, 0.00665979, 0.0010433, 0.00772921, 0, 0, 1.187e-06, 0.00784196, 7.122e-06
15.405, 0.00502422, 0.000688412, 0.00573281, 0, 0, 1.187e-06, 0.00581115, 7.122e-06
15.506, 0.00476073, 0.000542421, 0.00532926, 0, 0, 1.187e-06, 0.0054159, 5.934e-06
15.605, 0.00413522, 0.000792861, 0.00496131, 0, 0, 0, 0.00504559, 5.935e-06
15.707, 0.00468001, 0.00380288, 0.00850307, 0, 0, 1.187e-06, 0.00858259, 7.121e-06
15.804, 0.00434411, 0.0009163, 0.00528296, 0, 0, 1.187e-06, 0.00537554, 7.122e-06
15.907, 0.00652923, 0.000687224, 0.00724256, 0, 0, 1.187e-06, 0.00733989, 7.122e-06
16.005, 0.00455776, 0.000633813, 0.00521294, 0, 0, 1.187e-06, 0.00530314, 4.747e-06
16.105, 0.00418269, 0.00109434, 0.00530196, 0, 0, 2.374e-06, 0.00540166, 5.934e-06
16.205, 0.00398685, 0.000989888, 0.00500048, 0, 0, 1.187e-06, 0.00511324, 7.122e-06
16.304, 0.00376371, 0.000652804, 0.00443551, 0, 0, 1.187e-06, 0.00450553, 7.121e-06
16.403, 0.00387528, 0.000398804, 0.00429189, 0, 0, 1.187e-06, 0.00436785, 7.121e-06
16.505, 0.00449485, 0.0010528, 0.0055702, 0, 0, 1.186e-06, 0.00564972, 7.122e-06
16.607, 0.00616484, 0.00079286, 0.00698262, 0, 0, 1.187e-06, 0.00707402, 7.122e-06
16.704, 0.00468001, 0.000817785, 0.00551916, 0, 0, 1.187e-06, 0.00559987, 7.121e-06
16.804, 0.00481057, 0.000695532, 0.00552746, 0, 0, 1.186e-06, 0.00560936, 7.122e-06
16.903, 0.00477971, 0.000668233, 0.00547168, 0, 0, 1.187e-06, 0.00555476, 5.935e-06
17.005, 0.00547643, 0.000788112, 0.00630015, 0, 0, 1.186e-06, 0.00639154, 7.122e-06
17.105, 0.00425628, 0.000636187, 0.00491739, 0, 0, 1.187e-06, 0.00500522, 7.121e-06
17.207, 0.00577197, 0.000625504, 0.00642596, 0, 0, 1.187e-06, 0.00651617, 8.309e-06
17.305, 0.00419931, 0.000686037, 0.00491383, 0, 0, 1.187e-06, 0.00501591, 8.309e-06
17.403, 0.00456962, 0.000522243, 0.00510967, 0, 0, 1.187e-06, 0.00518445, 7.121e-06
17.503, 0.00314651, 0.000503252, 0.00366994, 0, 0, 1.187e-06, 0.0037459, 5.935e-06
17.603, 0.00434055, 0.000439158, 0.0047987, 0, 0, 1.187e-06, 0.0048794, 5.935e-06
17.706, 0.00511204, 0.000743008, 0.00587997, 0, 0, 1.187e-06, 0.00596424, 7.122e-06
17.805, 0.00388715, 0.000690785, 0.00459811, 0, 0, 1.187e-06, 0.00467051, 7.121e-06
17.905, 0.00354413, 0.00180411, 0.00536723, 0, 0, 1.187e-06, 0.00543726, 5.935e-06
18.003, 0.00422304, 0.00100413, 0.00524616, 0, 0, 1.187e-06, 0.00531975, 7.121e-06
18.106, 0.00665147, 0.00212814, 0.00880691, 0, 0, 1.187e-06, 0.00890423, 7.122e-06
18.205, 0.00476902, 0.00104686, 0.00583606, 0, 0, 1.187e-06, 0.0059227, 5.935e-06
18.309, 0.00833095, 0.00106704, 0.00942292, 0, 0, 0, 0.00950837, 9.495e-06
18.404, 0.0032557, 0.000802353, 0.0040818, 0, 0, 0, 0.00416488, 7.122e-06
18.504, 0.00439395, 0.000969708, 0.0053874, 0, 0, 1.187e-06, 0.00547167, 7.122e-06
18.603, 0.00387646, 0.000680101, 0.00457911, 0, 0, 1.187e-06, 0.00465982, 5.935e-06
18.704, 0.00385153, 0.000667046, 0.00454232, 0, 0, 1.187e-06, 0.00461947, 8.306e-06
18.804, 0.00335778, 0.000748943, 0.0041269, 0, 0, 1.187e-06, 0.00421236, 5.934e-06
18.906, 0.0045981, 0.000931728, 0.00555713, 0, 0, 1.187e-06, 0.00564733, 7.12e-06
19.005, 0.00374353, 0.000460523, 0.00422541, 0, 0, 1.187e-06, 0.0043120619, 0, 0, 0,19.102, 0.00352395, 0.019.109, 0.00966504, 0.000105635, 0.00982408, 0, 0, 0, 0.0098619.202, 0.0050719.2, 0, 0, 0, 0, 0, 0, 3.561e-06, 0
19.3, 0, 0, 0, 0, 0, 0, 3.56e-06, 0
19.406, 0.00588827, 0.000113944, 0.00606275, 0, 0, 0, 0.00610073, 3.56e-06
19.5, 0, 0, 0, 0, 0, 0, 3.561e-06, 0
19.6, 0, 0, 0, 0, 0, 0, 3.561e-06, 0
19.706, 0.00540283, 7.0028e-05, 0.00552864, 0, 0, 0, 0.00556781, 3.561e-06
19.8, 0, 0, 0, 0, 0, 0, 4.748e-06, 0
19.9, 0, 0, 0, 0, 0, 0, 5.935e-06, 0
20.016, 0.00933032, 0.00619331, 0.0155497, 0, 0, 0, 0.0156518, 1.187e-06
20.1, 0, 0, 0, 0, 0, 0, 3.561e-06, 0
20.2, 0, 0, 0, 0, 0, 0, 4.748e-06, 0
20.3, 0, 0, 0, 0, 0, 0, 8.308e-06, 0
20.4, 0, 0, 0, 0, 0, 0, 4.748e-06, 0
20.5, 0, 0, 0, 0, 0, 0, 3.561e-06, 0
20.609, 0.00732325, 0.00264444, 0.00998786, 0, 0, 1.187e-06, 0.0100591, 9.496e-06
20.705, 0.00587047, 0.0013875, 0.00727814, 0, 0, 1.187e-06, 0.00735173, 4.748e-06
20.812, 0.0101054, 0.0019501, 0.0120851, 0, 0, 1.186e-06, 0.0121789, 7.121e-06
20.915, 0.0124365, 0.00326282, 0.0157313, 0, 0, 1.187e-06, 0.0158275, 7.121e-06
21.01, 0.011081, 0.00251269, 0.0136198, 0, 0, 1.187e-06, 0.0137231, 5.935e-06
21.109, 0.008941, 0.00209609, 0.011062, 0, 0, 1.187e-06, 0.0111653, 7.121e-06
21.207, 0.00703601, 0.00207353, 0.00913565, 0, 0, 1.187e-06, 0.00923298, 7.121e-06
21.309, 0.00829651, 0.001397, 0.00971605, 0, 0, 1.187e-06, 0.00980033, 8.307e-06
21.409, 0.00971012, 0.00290556, 0.0126454, 0, 0, 1.187e-06, 0.0127486, 8.309e-06
21.507, 0.00644018, 0.00182784, 0.00829414, 0, 0, 1.187e-06, 0.00837485, 7.122e-06
21.608, 0.00828464, 8.5458e-05, 0.00841757, 0, 0, 0, 0.00845199, 3.561e-06
21.7, 0, 0, 0, 0, 0, 0, 5.935e-06, 0
21.8, 0, 0, 0, 0, 0, 0, 4.748e-06, 0
21.904, 0.0057577, 7.2402e-05, 0.00588233, 0, 0, 0, 0.00591912, 3.561e-06
22, 0, 0, 0, 0, 0, 0, 4.748e-06, 0
22.1, 0, 0, 0, 0, 0, 0, 4.748e-06, 0
22.206, 0.00630724, 9.614e-05, 0.00646035, 0, 0, 0, 0.00650308, 3.561e-06
22.3, 0, 0, 0, 0, 0, 0, 4.747e-06, 0
22.4, 0, 0, 0, 0, 0, 0, 3.561e-06, 0
22.506, 0.00791907, 0.000110383, 0.0080793, 0, 0, 0, 0.00811728, 3.561e-06
22.6, 0, 0, 0, 0, 0, 0, 4.748e-06, 0
22.7, 0, 0, 0, 0, 0, 0, 4.748e-06, 0
22.806, 0.00569123, 0.000925789, 0.00664195, 0, 0, 1.187e-06, 0.00671672, 7.122e-06
22.905, 0.0054586, 0.00172695, 0.00720692, 0, 0, 1.187e-06, 0.00729, 5.934e-06
23.006, 0.00704906, 0.00284977, 0.00992612, 0, 0, 1.187e-06, 0.0100294, 8.309e-06
23.108, 0.00632267, 0.000967331, 0.00732561, 0, 0, 1.187e-06, 0.00742887, 8.309e-06
23.22, 0.0168636, 0.00377912, 0.0206724, 0, 0, 1.186e-06, 0.020797, 8.309e-06
23.316, 0.0142227, 0.00306697, 0.0173146, 0, 0, 1.187e-06, 0.0174084, 8.308e-06
23.417, 0.0137978, 0.00237738, 0.0162013, 0, 0, 1.187e-06, 0.0162975, 8.309e-06
23.517, 0.0169241, 0.00209252, 0.0190452, 0, 0, 1.187e-06, 0.0191425, 5.935e-06
23.616, 0.0151022, 0.00307766, 0.0182096, 0, 0, 1.187e-06, 0.0183045, 7.121e-06
23.717, 0.0164755, 0.0032913, 0.0197965, 0, 0, 1.186e-06, 0.0199116, 7.122e-06
23.813, 0.014815, 6.8841e-05, 0.0149301, 0, 0, 0, 0.0149681, 3.561e-06
23.9, 0, 0, 0, 0, 0, 0, 4.748e-06, 0
24, 0, 0, 0, 0, 0, 0, 4.747e-06, 0
24.111, 0.0122157, 0.000153111, 0.0124222, 0, 0, 0, 0.0124625, 3.561e-06
24.2, 0, 0, 0, 0, 0, 0, 2.374e-06, 0
24.3, 0, 0, 0, 0, 0, 0, 3.561e-06, 0
24.408, 0.00986677, 9.4953e-05, 0.0100175, 0, 0, 0, 0.0100567, 3.561e-06
24.5, 0, 0, 0, 0, 0, 0, 5.935e-06, 0
24.6, 0, 0, 0, 0, 0, 0, 2.373e-06, 0
24.707, 0.0108697, 7.2401e-05, 0.0109884, 0, 0, 0, 0.0110288, 3.56e-06
24.8, 0, 0, 0, 0, 0, 0, 4.748e-06, 0
24.9, 0, 0, 0, 0, 0, 0, 3.561e-06, 0
25.013, 0.0125682, 7.7149e-05, 0.0126928, 0, 0, 0, 0.0127272, 3.561e-06
25.1, 0, 0, 0, 0, 0, 0, 5.935e-06, 0
25.2, 0, 0, 0, 0, 0, 0, 4.747e-06, 0
25.311, 0.0104294, 0.000113943, 0.010605, 0, 0, 0, 0.0106525, 3.561e-06
25.4, 0, 0, 0, 0, 0, 0, 5.934e-06, 0
25.5, 0, 0, 0, 0, 0, 0, 3.561e-06, 0
25.608, 0.00733984, 7.1215e-05, 0.00746209, 0, 0, 0, 0.00750244, 2.373e-06
25.7, 0, 0, 0, 0, 0, 0, 4.747e-06, 0
25.8, 0, 0, 0, 0, 0, 0, 4.747e-06, 0
25.908, 0.00871546, 0.000100887, 0.00887569, 0, 0, 0, 0.00891486, 2.373e-06
26, 0, 0, 0, 0, 0, 0, 4.747e-06, 0
26.1, 0, 0, 0, 0, 0, 0, 3.56e-06, 0
26.208, 0.00715705, 0.000103261, 0.00731728, 0, 0, 0, 0.00735764, 4.748e-06
26.3, 0, 0, 0, 0, 0, 0, 3.561e-06, 0
26.4, 0, 0, 0, 0, 0, 0, 7.121e-06, 0
26.505, 0.00623126, 7.0027e-05, 0.0063547, 0, 0, 0, 0.00639387, 4.748e-06
26.601, 0, 0, 0, 0, 0, 0, 4.748e-06, 0
26.7, 0, 0, 0, 0, 0, 0, 4.747e-06, 0
26.807, 0.00873564, 8.9018e-05, 0.00887569, 0, 0, 0, 0.00891011, 3.561e-06
26.9, 0, 0, 0, 0, 0, 0, 5.935e-06, 0
27.001, 0, 0, 0, 0, 0, 0, 2.374e-06, 0
27.104, 0.00399961, 7.598e-05, 0.00411833, 0, 0, 0, 0.00415039, 3.561e-06
27.2, 0, 0, 0, 0, 0, 0, 4.749e-06, 0
27.3, 0, 0, 0, 0, 0, 0, 4.757e-06, 0
27.407, 0.00482759, 0.00199217, 0.00684711, 0, 0, 1.189e-06, 0.00695415, 7.134e-06
27.504, 0.00592655, 0.00185896, 0.00780811, 0, 0, 1.189e-06, 0.00788185, 8.326e-06
27.604, 0.00394746, 0.0021789, 0.00627979, 0, 0, 1.189e-06, 0.00636066, 5.945e-06
27.709, 0.00733117, 0.00111086, 0.00847058, 0, 0, 1.19e-06, 0.00867396, 7.137e-06
27.806, 0.00543178, 0.000804003, 0.006256, 0, 0, 0, 0.00633212, 8.326e-06
27.906, 0.00691966, 0.00220744, 0.00915445, 0, 0, 1.189e-06, 0.00924128, 5.946e-06
28.005, 0.00496793, 0.000905098, 0.00589206, 0, 0, 0, 0.00595866, 7.137e-06
28.11, 0.00996559, 0.000510232, 0.0104984, 0, 0, 1.189e-06, 0.010565, 7.137e-06
28.202, 0.00292445, 0.000670757, 0.00361899, 0, 0, 1.19e-06, 0.0036963, 7.135e-06
28.304, 0.00301959, 0.000692164, 0.00373198, 0, 0, 1.189e-06, 0.00381047, 7.136e-06
28.403, 0.00220493, 0.000505446, 0.00272703, 0, 0, 0, 0.00279839, 3.568e-06
28.5, 0, 0, 0, 0, 0, 0, 3.568e-06, 0
28.6, 0, 0, 0, 0, 0, 0, 3.568e-06, 0
28.7, 0, 0, 0, 0, 0, 0, 5.946e-06, 0
28.8, 0, 0, 0, 0, 0, 0, 4.758e-06, 0
28.9, 0, 0, 0, 0, 0, 0, 4.757e-06, 0
29.003, 0.00262118, 0.000538746, 0.00318015, 0, 0, 1.189e-06, 0.00323367, 7.137e-06
29.104, 0.00331792, 0.000767046, 0.00410518, 0, 0, 1.19e-06, 0.00416345, 7.135e-06
29.203, 0.00281607, 0.000506607, 0.00334289, 0, 0, 1.189e-06, 0.00340592, 7.136e-06
29.303, 0.0028684, 0.000485202, 0.00338095, 0, 0, 1.189e-06, 0.00346182, 8.324e-06
29.404, 0.0029671, 0.00105484, 0.00405048, 0, 0, 1.189e-06, 0.00412659, 4.757e-06
29.502, 0.0028684, 0.000772992, 0.00366517, 0, 0, 0, 0.00374366, 7.136e-06
29.604, 0.00278753, 0.00070045, 0.00350819, 0, 0, 0, 0.0035736, 7.137e-06
29.703, 0.00305867, 0.00082175, 0.00390064, 0, 0, 1.19e-06, 0.00396842, 5.946e-06
29.807, 0.00703899, 0.00148295, 0.00855286, 0, 0, 1.19e-06, 0.00862659, 9.514e-06
29.902, 0.0027578, 0.000860994, 0.00363901, 0, 0, 1.189e-06, 0.00371274, 5.945e-06
30.003, 0.00298002, 0.000413825, 0.00341406, 0, 0, 1.189e-06, 0.0034759, 7.136e-06
30.103, 0.00289202, 0.000636197, 0.00354725, 0, 0, 1.189e-06, 0.00360552, 7.135e-06
30.204, 0.00329158, 0.00101316, 0.00433328, 0, 0, 0, 0.0044082, 5.946e-06
30.303, 0.0026209, 0.000610036, 0.00325115, 0, 0, 0, 0.00329039, 4.756e-06
30.4, 0, 0, 0, 0, 0, 0, 4.756e-06, 0
30.5, 0, 0, 0, 0, 0, 0, 4.757e-06, 0
30.602, 0.00191216, 0.000419772, 0.00234977, 0, 0, 0, 0.00238188, 3.567e-06
30.7, 0, 0, 0, 0, 0, 0, 3.568e-06, 0
30.8, 0, 0, 0, 0, 0, 0, 3.568e-06, 0
30.904, 0.00326525, 0.000513688, 0.00380628, 0, 0, 0, 0.00384552, 3.567e-06
31, 0, 0, 0, 0, 0, 0, 4.757e-06, 0
31.1, 0, 0, 0, 0, 0, 0, 3.568e-06, 0
31.2, 0, 0, 0, 0, 0, 0, 4.757e-06, 0
31.302, 0.00158506, 0.000525579, 0.00212847, 0, 0, 0, 0.00216058, 3.567e-06
31.4, 0, 0, 0, 0, 0, 0, 3.567e-06, 0
31.501, 0, 0, 0, 0, 0, 0, 5.945e-06, 0
31.603, 0.00176104, 0.000419749, 0.0022022, 0, 0, 1.189e-06, 0.00225333, 7.135e-06
31.702, 0.00108683, 0.000386455, 0.00149231, 0, 0, 1.189e-06, 0.00153274, 7.134e-06
31.801, 0.00100354, 0.000140305, 0.00116763, 0, 0, 1.189e-06, 0.00121638, 5.945e-06
31.901, 0.00113909, 0.000190245, 0.00135431, 0, 0, 1.189e-06, 0.00141257, 5.945e-06
32.001, 0.00089653, 0.000121281, 0.00103684, 0, 0, 1.189e-06, 0.00108677, 5.945e-06
32.101, 0.00090842, 0.000117714, 0.00104872, 0, 0, 0, 0.0010951, 1.0702e-05
32.202, 0.00134242, 0.000162897, 0.00153028, 0, 0, 1.189e-06, 0.00158974, 7.135e-06
32.303, 0.00244584, 0.000340063, 0.00281919, 0, 0, 1.189e-06, 0.00290005, 8.323e-06
32.402, 0.00219495, 0.00049226, 0.00273121, 0, 0, 1.189e-06, 0.00283465, 9.512e-06
32.501, 0.00084778, 0.000200946, 0.00106656, 0, 0, 1.189e-06, 0.00111888, 5.945e-06
32.6, 0, 0, 5.3506e-05, 0, 0, 0, 9.75e-05, 3.567e-06
32.7, 0, 0, 5.826e-05, 0, 0, 1.189e-06, 9.9873e-05, 3.567e-06
32.8, 0, 0, 6.6583e-05, 0, 0, 1.189e-06, 0.000124842, 2.378e-06
32.9, 0, 0, 6.0638e-05, 0, 0, 1.189e-06, 0.000105818, 3.567e-06
33, 0, 0, 5.3504e-05, 0, 0, 1.189e-06, 0.000109385, 3.566e-06
33.101, 0, 0, 5.707e-05, 0, 0, 1.189e-06, 0.000108197, 3.567e-06
33.2, 0, 0, 4.2803e-05, 0, 0, 1.189e-06, 8.6795e-05, 3.567e-06
33.3, 0, 0, 5.5882e-05, 0, 0, 1.189e-06, 9.7495e-05, 3.567e-06
33.4, 0, 0, 6.3015e-05, 0, 0, 1.189e-06, 0.000108196, 2.378e-06
33.5, 0, 0, 9.511e-06, 0, 0, 0, 6.3015e-05, 3.567e-06
33.6, 0, 0, 8.323e-06, 0, 0, 0, 5.1123e-05, 3.565e-06
33.7, 0, 0, 1.4267e-05, 0, 0, 1.189e-06, 5.9446e-05, 4.755e-06
33.9, 0.000854831, 7.8468e-05, 8.322e-06, 0, 0, 1.189e-06, 6.3013e-05, 8.322e-06
34, 0, 0, 5.944e-06, 0, 0, 1.189e-06, 4.1612e-05, 2.378e-06
34.3, 0.000814408, 0.000224705, 7.1335e-05, 0, 0, 1.189e-06, 0.000116513, 8.323e-06
34.4, 0, 0, 6.3013e-05, 0, 0, 1.189e-06, 0.000129592, 3.567e-06
34.5, 0, 0, 9.2731e-05, 0, 0, 1.188e-06, 0.000154552, 4.755e-06
34.601, 0, 0, 7.0143e-05, 0, 0, 1.189e-06, 0.000121263, 2.378e-06
34.7, 0, 0, 6.1821e-05, 0, 0, 1.189e-06, 0.000108187, 4.756e-06
34.8, 0, 0, 8.9164e-05, 0, 0, 1.189e-06, 0.000166441, 4.756e-06
34.9, 0, 0, 8.0842e-05, 0, 0, 1.189e-06, 0.00012483, 2.378e-06
35.001, 0, 0, 8.2032e-05, 0, 0, 0, 0.000133152, 2.378e-06
35.1, 0, 0, 8.322e-06, 0, 0, 1.189e-06, 4.7555e-05, 3.566e-06
35.2, 0, 0, 7.133e-06, 0, 0, 1.189e-06, 5.4688e-05, 3.567e-06
35.3, 0, 0, 8.322e-06, 0, 0, 1.189e-06, 9.6298e-05, 3.567e-06
